session_id,sample_id,record_id,request_id,frame_id,request_received_at_iso,request_received_at_epoch_ms,frame_started_at_iso,frame_started_at_epoch_ms,capture_completed_at_iso,capture_completed_at_epoch_ms,prediction_completed_at_iso,prediction_completed_at_epoch_ms,saved_at_iso,saved_at_epoch_ms,detected,detection_count,class_id,class_name,confidence,x1_roi,y1_roi,x2_roi,y2_roi,center_x_roi,center_y_roi,box_width,box_height,measurement_valid,measurement_error,bubble_center_x_roi,scale_center_x_roi,pitch_px_per_div,bubble_offset_px,bubble_offset_div,bubble_absolute_offset_div,bubble_direction,slope_mm_per_m,angle_degrees,within_official_range,system_state,stability_state,stability_stable,stability_reason,stability_sample_count,stability_valid_count,stability_valid_ratio,stability_mean_slope_mm_per_m,stability_std_slope_mm_per_m,stability_range_slope_mm_per_m,stability_duration_seconds,capture_ms,predict_ms,yolo_preprocess_ms,yolo_inference_ms,yolo_postprocess_ms,process_ms,fps,annotation_ms,image_write_ms,csv_write_ms,queue_wait_ms,request_to_frame_ms,request_to_saved_ms,cpu_temperature_c,load_average_1m,disk_free_mb,clean_image_path,annotated_image_path,clean_image_width,clean_image_height,annotated_image_width,annotated_image_height
20261002_145946_64bcd440,1,20261002_145946_64bcd440_000001,de43f3bb-6861-4286-b537-925438a4d333,11193,2026-10-02T15:21:33.227+08:00,1790925693227.1238,2026-10-02T15:21:33.243+08:00,1790925693243.7434,2026-10-02T15:21:33.249+08:00,1790925693249.8528,2026-10-02T15:21:33.263+08:00,1790925693263.9077,2026-10-02T15:21:33.358+08:00,1790925693358.8762,1,1,0,bubble-0702,0.9375,208.59375,48.14453125,542.65625,117.94921875,375.625,83.046875,334.0625,69.8046875,True,,375.625,370.25,18.0,5.375,0.2986111111111111,0.2986111111111111,right,0.0059722222222222225,0.00034218312764350674,True,LEVEL,STABLE,True,thresholds_held,50,50,1.0,0.006111111111111111,0.00017010345435994274,0.00034722222222222186,41.50243944599998,6.106891000001724,13.9022989999944,0.8438049999881514,11.68977999998333,1.0004480000134208,20.361085999979878,49.113293858735645,29.506728000001203,50.48207200002253,13.957742000002327,16.58443299999135,36.98194399999011,131.7594409999856,62.25,1.896484375,98081.6953125,images/20261002_145946_64bcd440_000001_clean.jpg,images/20261002_145946_64bcd440_000001_annotated.jpg,740,160,740,160
20261002_145946_64bcd440,2,20261002_145946_64bcd440_000002,a8797d0a-feb3-48a2-8cbb-074677beb34a,24832,2026-10-02T15:29:07.852+08:00,1790926147852.78,2026-10-02T15:29:07.867+08:00,1790926147867.156,2026-10-02T15:29:07.873+08:00,1790926147873.0269,2026-10-02T15:29:07.897+08:00,1790926147897.7969,2026-10-02T15:29:07.959+08:00,1790926147959.586,1,1,0,bubble-0702,0.94189453125,140.9375,47.8125,474.0625,117.03125,307.5,82.421875,333.125,69.21875,True,,307.5,370.25,18.0,-62.75,-3.486111111111111,3.486111111111111,left,-0.06972222222222223,-0.003994789065133433,True,ADJUST,STABLE,True,thresholds_held,50,50,1.0,-0.06971527777777778,4.861111111111379e-05,0.00034722222222223487,182.312405411,5.868492999979935,24.571960000002946,0.8710490000112259,22.143050000067888,1.1785949999421064,30.917476000013266,32.34416677479012,0.9522870000182593,51.927412000054574,7.740160000025753,14.343354000061481,45.305976999998165,106.80277300002672,63.9,1.57080078125,98081.6328125,images/20261002_145946_64bcd440_000002_clean.jpg,images/20261002_145946_64bcd440_000002_annotated.jpg,740,160,740,160
20261002_145946_64bcd440,3,20261002_145946_64bcd440_000003,1ca474c6-fd3f-4713-afbf-f06eae6a62af,26272,2026-10-02T15:29:55.821+08:00,1790926195821.2488,2026-10-02T15:29:55.846+08:00,1790926195846.9595,2026-10-02T15:29:55.866+08:00,1790926195866.4253,2026-10-02T15:29:55.879+08:00,1790926195879.907,2026-10-02T15:29:55.922+08:00,1790926195922.0251,1,1,0,bubble-0702,0.94140625,155.3125,47.96875,487.1875,116.875,321.25,82.421875,331.875,68.90625,True,,321.25,370.25,18.0,-49.0,-2.7222222222222223,2.7222222222222223,left,-0.05444444444444445,-0.0031194368815189396,True,ADJUST,STABLE,True,thresholds_held,50,50,1.0,-0.05446527777777778,8.246070893776302e-05,0.000347222222222221,230.294501201,19.46359200007919,13.323883999987629,0.8633630000076664,11.137282000049709,0.9842669999216014,33.13761499998691,30.17718686152866,0.7619589999876553,30.85351599997921,9.585734999973283,25.68444600001385,58.85270800001763,100.77685900000688,63.9,1.89111328125,98081.5703125,images/20261002_145946_64bcd440_000003_clean.jpg,images/20261002_145946_64bcd440_000003_annotated.jpg,740,160,740,160
20261002_145946_64bcd440,4,20261002_145946_64bcd440_000004,50664a3c-f286-4c69-b2f2-65301cd8ace3,28805,2026-10-02T15:31:20.246+08:00,1790926280246.3804,2026-10-02T15:31:20.279+08:00,1790926280279.3298,2026-10-02T15:31:20.296+08:00,1790926280296.4653,2026-10-02T15:31:20.325+08:00,1790926280325.262,2026-10-02T15:31:20.386+08:00,1790926280386.2422,1,1,0,bubble-0702,0.93603515625,170.0,48.0859375,501.25,117.5390625,335.625,82.8125,331.25,69.453125,True,,335.625,370.25,18.0,-34.625,-1.9236111111111112,1.9236111111111112,left,-0.03847222222222223,-0.0022042959607352156,True,ADJUST,STABLE,True,thresholds_held,50,50,1.0,-0.03845833333333334,6.804138174397829e-05,0.00034722222222222793,314.7398823279999,17.133531000013136,28.49212199998874,0.8221609999736756,26.091156000006777,1.2039650000588153,46.17980400007582,21.654487749630945,0.9385650000695023,32.02574099998401,27.018720999990364,32.9213620000246,79.13357299992185,139.87831700001152,63.35,2.19580078125,98081.50390625,images/20261002_145946_64bcd440_000004_clean.jpg,images/20261002_145946_64bcd440_000004_annotated.jpg,740,160,740,160
20261002_145946_64bcd440,5,20261002_145946_64bcd440_000005,22286662-e888-40af-8bc1-42949470cb60,34930,2026-10-02T15:34:44.418+08:00,1790926484418.3313,2026-10-02T15:34:44.445+08:00,1790926484445.3901,2026-10-02T15:34:44.464+08:00,1790926484464.53,2026-10-02T15:34:44.478+08:00,1790926484478.4172,2026-10-02T15:34:44.519+08:00,1790926484519.3845,1,1,0,bubble-0702,0.939453125,215.0,48.14453125,546.875,117.63671875,380.9375,82.890625,331.875,69.4921875,True,,380.9375,370.25,18.0,10.6875,0.59375,0.59375,right,0.011875,0.0006803873816858709,True,ADJUST,STABLE,True,thresholds_held,50,50,1.0,0.01161111111111111,0.0001482927535004351,0.0003472222222222227,45.86760618800008,19.13745599995309,13.732454999853871,0.8349530000941741,11.494895000168981,1.0621769999943353,33.22743300009279,30.09561406676247,0.7313230000818294,30.724537999958557,8.527994999894872,27.032111000153236,60.328303999995114,101.05309200002921,65.0,1.4169921875,98081.44140625,images/20261002_145946_64bcd440_000005_clean.jpg,images/20261002_145946_64bcd440_000005_annotated.jpg,740,160,740,160
20261002_145946_64bcd440,6,20261002_145946_64bcd440_000006,20175743-fa4e-4b4b-ae11-1a9d390561b3,36538,2026-10-02T15:35:38.023+08:00,1790926538023.535,2026-10-02T15:35:38.056+08:00,1790926538056.8848,2026-10-02T15:35:38.065+08:00,1790926538065.1492,2026-10-02T15:35:38.079+08:00,1790926538079.6997,2026-10-02T15:35:38.125+08:00,1790926538125.1133,1,1,0,bubble-0702,0.94189453125,226.09375,47.83203125,557.65625,117.48046875,391.875,82.65625,331.5625,69.6484375,True,,391.875,370.25,18.0,21.625,1.2013888888888888,1.2013888888888888,right,0.024027777777777776,0.001376690257479958,True,ADJUST,STABLE,True,thresholds_held,50,50,1.0,0.024048611111111107,8.246070893776385e-05,0.00034722222222222446,99.46888783100007,8.26256999994257,14.399891000039133,0.8929480000006151,12.194567000051393,0.9748190000209433,23.01379599998654,43.45219710822955,0.7654290000118635,35.92751399992267,7.888458000024912,33.32129999989775,56.366520999972636,101.57935000006546,63.35,1.91552734375,98081.37109375,images/20261002_145946_64bcd440_000006_clean.jpg,images/20261002_145946_64bcd440_000006_annotated.jpg,740,160,740,160
20261002_145946_64bcd440,7,20261002_145946_64bcd440_000007,8cab5c6c-8a31-42f6-883a-72380c95bc78,37899,2026-10-02T15:36:23.396+08:00,1790926583396.8652,2026-10-02T15:36:23.427+08:00,1790926583427.497,2026-10-02T15:36:23.433+08:00,1790926583433.622,2026-10-02T15:36:23.448+08:00,1790926583448.5186,2026-10-02T15:36:23.493+08:00,1790926583493.773,1,1,0,bubble-0702,0.94189453125,225.9375,47.94921875,557.8125,117.51953125,391.875,82.734375,331.875,69.5703125,True,,391.875,370.25,18.0,21.625,1.2013888888888888,1.2013888888888888,right,0.024027777777777776,0.001376690257479958,True,ADJUST,STABLE,True,thresholds_held,50,50,1.0,0.024027777777777776,0.0,0.0,144.83770890799997,6.121609000047101,14.73007000004145,0.8888140000635758,12.360903999933726,1.1213519999273558,21.21795699986251,47.129890969544334,0.5490549999649375,34.6601199998986,9.201570999948672,30.595712999911484,51.84718799978327,96.89845299999433,62.8,2.08154296875,98081.30859375,images/20261002_145946_64bcd440_000007_clean.jpg,images/20261002_145946_64bcd440_000007_annotated.jpg,740,160,740,160
20261002_145946_64bcd440,8,20261002_145946_64bcd440_000008,a104ea4e-0ce9-4f75-be67-15f3eeee63ae,39951,2026-10-02T15:37:31.799+08:00,1790926651799.1975,2026-10-02T15:37:31.819+08:00,1790926651819.4229,2026-10-02T15:37:31.832+08:00,1790926651832.1592,2026-10-02T15:37:31.845+08:00,1790926651845.95,2026-10-02T15:37:31.885+08:00,1790926651885.8235,1,1,0,bubble-0702,0.94189453125,226.25,47.83203125,558.125,117.48046875,392.1875,82.65625,331.875,69.6484375,True,,392.1875,370.25,18.0,21.9375,1.21875,1.21875,right,0.024375,0.0013965846253547922,True,ADJUST,STABLE,True,thresholds_held,50,50,1.0,0.024048611111111107,8.246070893776385e-05,0.00034722222222222446,213.23514018100013,12.733801000194944,13.63557300010143,0.842828000031659,11.415438000085487,1.0324579998268746,26.760537999962253,37.36845649371513,0.5309600001055514,31.983082999886392,6.3860759998988215,20.193629000004876,46.98635199997625,86.62074499989103,63.35,1.7119140625,98081.2421875,images/20261002_145946_64bcd440_000008_clean.jpg,images/20261002_145946_64bcd440_000008_annotated.jpg,740,160,740,160
20261002_145946_64bcd440,9,20261002_145946_64bcd440_000009,29449e12-e820-49da-9ce3-d3af640f8326,45084,2026-10-02T15:40:22.887+08:00,1790926822887.5469,2026-10-02T15:40:22.912+08:00,1790926822912.2773,2026-10-02T15:40:22.932+08:00,1790926822932.133,2026-10-02T15:40:22.945+08:00,1790926822945.6328,2026-10-02T15:40:22.983+08:00,1790926822983.2434,1,1,0,bubble-0702,0.9404296875,240.625,48.18359375,571.25,117.44140625,405.9375,82.8125,330.625,69.2578125,True,,405.9375,370.25,18.0,35.6875,1.9826388888888888,1.9826388888888888,right,0.03965277777777778,0.002271936811446052,True,ADJUST,STABLE,True,thresholds_held,50,50,1.0,0.03953472222222222,0.00016448221225454454,0.00034722222222222793,384.3348212820001,19.85379899997497,13.35098200001994,0.8509510000749287,11.151864000112255,1.0105599999405968,33.55170199984059,29.804747312215376,0.7398789998660504,29.61062800000036,6.312263999916468,24.703972999986945,58.28552599996328,95.69687899988821,64.45,1.84130859375,98081.1796875,images/20261002_145946_64bcd440_000009_clean.jpg,images/20261002_145946_64bcd440_000009_annotated.jpg,740,160,740,160
20261002_145946_64bcd440,10,20261002_145946_64bcd440_000010,ce793ee8-8b15-43be-8622-608f3da727a2,47189,2026-10-02T15:41:33.047+08:00,1790926893047.3772,2026-10-02T15:41:33.078+08:00,1790926893078.9412,2026-10-02T15:41:33.096+08:00,1790926893096.8918,2026-10-02T15:41:33.110+08:00,1790926893110.7307,2026-10-02T15:41:33.154+08:00,1790926893154.061,1,1,0,bubble-0702,0.94140625,255.78125,48.22265625,586.71875,117.71484375,421.25,82.96875,330.9375,69.4921875,True,,421.25,370.25,18.0,51.0,2.8333333333333335,2.8333333333333335,right,0.05666666666666667,0.0032467608355994286,True,ADJUST,STABLE,True,thresholds_held,50,50,1.0,0.05686805555555556,0.00017137448165629196,0.000347222222222221,454.4999183340001,17.948305999880176,13.684430000012071,0.8285610001621535,11.47926099997676,1.0383359999650565,31.977655999980925,31.27183555919785,0.5271029999676102,35.93600099998184,6.055347999790683,31.537088999812113,63.545670999928916,106.67494499989516,63.9,1.54931640625,98081.1171875,images/20261002_145946_64bcd440_000010_clean.jpg,images/20261002_145946_64bcd440_000010_annotated.jpg,740,160,740,160
20261002_145946_64bcd440,11,20261002_145946_64bcd440_000011,237a025b-52e1-445d-9f2f-5bb861e4f83f,50960,2026-10-02T15:43:38.744+08:00,1790927018744.137,2026-10-02T15:43:38.784+08:00,1790927018784.8716,2026-10-02T15:43:38.796+08:00,1790927018796.3506,2026-10-02T15:43:38.809+08:00,1790927018809.7239,2026-10-02T15:43:38.849+08:00,1790927018849.9238,1,1,0,bubble-0702,0.94287109375,266.71875,48.14453125,599.53125,117.48046875,433.125,82.8125,332.8125,69.3359375,True,,433.125,370.25,18.0,62.875,3.4930555555555554,3.4930555555555554,right,0.06986111111111111,0.004002746812249267,True,ADJUST,STABLE,True,thresholds_held,50,50,1.0,0.06984722222222223,6.804138174397693e-05,0.000347222222222221,580.1989126860001,11.476491000166789,13.224235999814482,0.8375770000839111,11.049294999793347,0.9994819999974425,25.042313000085414,39.93241359121217,0.751023000020723,29.62678400012919,8.864372000061849,40.707005000058416,65.82074299990381,105.78414999986308,62.8,1.6220703125,98081.0546875,images/20261002_145946_64bcd440_000011_clean.jpg,images/20261002_145946_64bcd440_000011_annotated.jpg,740,160,740,160
20261002_145946_64bcd440,12,20261002_145946_64bcd440_000012,fd382770-056c-46d1-b1d6-52398406f8f9,53191,2026-10-02T15:44:53.120+08:00,1790927093120.6538,2026-10-02T15:44:53.143+08:00,1790927093143.359,2026-10-02T15:44:53.160+08:00,1790927093160.7383,2026-10-02T15:44:53.176+08:00,1790927093176.3418,2026-10-02T15:44:53.216+08:00,1790927093216.64,1,1,0,bubble-0702,0.94189453125,280.9375,48.046875,611.5625,117.421875,446.25,82.734375,330.625,69.375,True,,446.25,370.25,18.0,76.0,4.222222222222222,4.222222222222222,right,0.08444444444444445,0.004838310258493173,True,ADJUST,STABLE,True,thresholds_held,50,50,1.0,0.08428472222222222,0.00017305466381079953,0.00034722222222223487,41.3663298030001,17.377142000214008,15.452309000011155,0.830446000009033,13.265537000052063,1.0130719999779103,33.18422100005591,30.13480412869463,0.5245820000254753,32.49877200005358,6.289914000035424,22.670093999977325,55.88594400001057,95.97332600014852,64.45,2.10791015625,98080.98828125,images/20261002_145946_64bcd440_000012_clean.jpg,images/20261002_145946_64bcd440_000012_annotated.jpg,740,160,740,160
20261002_145946_64bcd440,13,20261002_145946_64bcd440_000013,0b7a19ae-3018-489c-9785-6efe807098db,56170,2026-10-02T15:46:32.419+08:00,1790927192419.3928,2026-10-02T15:46:32.442+08:00,1790927192442.2925,2026-10-02T15:46:32.459+08:00,1790927192459.0989,2026-10-02T15:46:32.472+08:00,1790927192472.8882,2026-10-02T15:46:32.519+08:00,1790927192519.3499,1,1,0,bubble-0702,0.9404296875,291.71875,48.046875,625.78125,117.734375,458.75,82.890625,334.0625,69.6875,True,,458.75,370.25,18.0,88.5,4.916666666666667,4.916666666666667,right,0.09833333333333334,0.005634084967293606,True,ADJUST,STABLE,True,thresholds_held,50,50,1.0,0.0984513888888889,0.00016448221225453467,0.0003472222222222071,140.66287516700004,16.80419199988137,13.64205300001231,0.8397050000894524,11.460005999879286,1.0079419998874073,30.794181999908687,32.47366661673186,0.8047979999901145,36.140572000022075,8.612434000042413,22.865104999937103,53.73021199989125,99.95054000000891,63.9,1.88330078125,98080.92578125,images/20261002_145946_64bcd440_000013_clean.jpg,images/20261002_145946_64bcd440_000013_annotated.jpg,740,160,740,160
20261002_145946_64bcd440,14,20261002_145946_64bcd440_000014,46a12974-3e0e-43b9-95fc-afda90455287,56967,2026-10-02T15:46:58.975+08:00,1790927218975.4653,2026-10-02T15:46:59.007+08:00,1790927219007.031,2026-10-02T15:46:59.025+08:00,1790927219025.4016,2026-10-02T15:46:59.038+08:00,1790927219038.9568,2026-10-02T15:46:59.083+08:00,1790927219083.7607,1,1,0,bubble-0702,0.9404296875,291.875,48.125,626.25,117.8125,459.0625,82.96875,334.375,69.6875,True,,459.0625,370.25,18.0,88.8125,4.934027777777778,4.934027777777778,right,0.09868055555555555,0.005653979334987043,True,ADJUST,STABLE,True,thresholds_held,50,50,1.0,0.09847222222222224,0.00017010345435993553,0.0003472222222222071,167.22894441400013,18.368581999993694,13.403296000205955,0.8622230000128184,11.162397999896712,1.0404229999494419,32.12320399984492,31.130145050438546,0.5233409999618743,31.83348799984742,11.588927000047988,31.537900999865087,63.692233999972814,108.29638299992439,63.35,1.85693359375,98080.859375,images/20261002_145946_64bcd440_000014_clean.jpg,images/20261002_145946_64bcd440_000014_annotated.jpg,740,160,740,160
