run_id,region,gap_id,gap_px_count,gap_px_mean,gap_px_median,gap_px_std,gap_px_min,gap_px_max,gap_px_range,gap_px_coefficient_of_variation
run_20260807_151925_613104,left,1,78,30.99908424908425,39.0,8.423707959145496,21.928571428571445,39.0,17.071428571428555,0.27174054212244486
run_20260807_151925_613104,left,2,78,22.31531289223597,22.5,0.24616053418912948,22.0,23.0,1.0,0.011031014235734719
run_20260807_151925_613104,left,3,78,22.088533261610184,22.0,0.2166743709735139,22.0,23.0,1.0,0.009809359834230978
run_20260807_151925_613104,left,4,78,22.247252747252748,22.0,0.3730333583027549,22.0,23.0,1.0,0.016767614524845986
run_20260807_151925_613104,left,5,78,22.336080586080588,22.5,0.22619789105611118,22.0,22.5,0.5,0.010127018040804944
run_20260807_151925_613104,left,6,78,22.487179487179485,22.5,0.07903094875601252,22.0,22.5,0.5,0.003514489169309565
run_20260807_151925_613104,left,7,78,22.237179487179485,22.5,0.406078486274663,21.5,22.5,1.0,0.018261240662683028
run_20260807_151925_613104,left,8,78,21.96153846153846,22.0,0.32786440647549797,21.5,22.5,1.0,0.014929027265083971
run_20260807_151925_613104,left,9,78,21.724358974358974,21.5,0.24868159924706185,21.5,22.0,0.5,0.01144713174462722
run_20260807_151925_613104,left,10,78,21.955128205128204,22.0,0.19913108419242392,21.0,22.0,1.0,0.009069912155917704
run_20260807_151925_613104,left,11,78,21.903846153846153,22.0,0.2893149768306861,21.0,22.0,1.0,0.013208409828968988
run_20260807_151925_613104,left,12,78,21.82051282051282,22.0,0.2528600374784105,21.0,22.0,1.0,0.011588180330972985
run_20260807_151925_613104,right,1,78,22.4124245852187,22.5,0.34903925385512036,22.0,23.0,1.0,0.015573471425546546
run_20260807_151925_613104,right,2,78,22.314071141277026,22.5,0.21229876034088713,22.0,22.5,0.5,0.009514120439822948
run_20260807_151925_613104,right,3,78,22.094017094017097,22.0,0.2094453120485962,22.0,23.0,1.0,0.009479729790980948
run_20260807_151925_613104,right,4,78,22.083333333333332,22.0,0.18633899812498247,22.0,22.5,0.5,0.008437992367923735
run_20260807_151925_613104,right,5,78,22.416666666666668,22.5,0.18633899812498247,22.0,22.5,0.5,0.008312520362452749
run_20260807_151925_613104,right,6,78,22.173076923076923,22.0,0.23787147840101888,22.0,22.5,0.5,0.01072794178391412
run_20260807_151925_613104,right,7,78,22.436965811965813,22.5,0.1859496193581492,22.0,23.0,1.0,0.008287645527319063
run_20260807_151925_613104,right,8,78,21.941239316239315,22.0,0.16294398822153175,21.41666666666663,22.0,0.5833333333333712,0.007426380336726578
run_20260807_151925_613104,right,9,78,21.900326797385617,22.0,0.20805206320728606,21.16666666666663,22.0,0.8333333333333712,0.009499952449664933
run_20260807_151925_613104,right,10,78,21.561211664152843,21.5,0.2204397908289737,21.0,22.5,1.5,0.010223905514339514
run_20260807_151925_613104,right,11,78,21.550366300366303,21.5,0.21884914195264424,21.0,22.5,1.5,0.01015524000392162
run_20260807_151925_613104,right,12,78,22.09065934065934,21.5,0.9871408345984084,20.5,24.0,3.5,0.04468589277376205
run_20260807_152050_562216,left,1,304,32.19023073533115,39.863636363636374,8.879770005103758,22.0,40.0,18.0,0.2758529467562206
run_20260807_152050_562216,left,2,304,22.13557668093679,22.0,0.21424277261998162,22.0,23.0,1.0,0.009678662350120203
run_20260807_152050_562216,left,3,304,22.109375,22.0,0.20595198765029013,22.0,22.5,0.5,0.009315142904324076
run_20260807_152050_562216,left,4,304,22.182565789473685,22.0,0.3787861442029872,22.0,23.0,1.0,0.0170758490157497
run_20260807_152050_562216,left,5,304,22.443347953216374,22.5,0.4213899150134236,22.0,23.0,1.0,0.018775715454388518
run_20260807_152050_562216,left,6,304,22.255665204678362,22.055555555555543,0.256867161124968,22.0,23.0,1.0,0.011541652822445046
run_20260807_152050_562216,left,7,304,22.120065789473685,22.0,0.21358160251974664,22.0,22.5,0.5,0.009655559099710458
run_20260807_152050_562216,left,8,304,22.0,22.0,0.0,22.0,22.0,0.0,0.0
run_20260807_152050_562216,left,9,304,21.998355263157894,22.0,0.028629761818304622,21.5,22.0,0.5,0.0013014501073292867
run_20260807_152050_562216,left,10,304,21.99671052631579,22.0,0.04042172936659377,21.5,22.0,0.5,0.0018376260995131607
run_20260807_152050_562216,left,11,304,21.76454293628809,22.0,0.4230312912870271,21.0,22.0,1.0,0.019436718360012317
run_20260807_152050_562216,left,12,304,21.84236495844875,22.0,0.2424738740389387,21.0,22.0,1.0,0.011101081522088038
run_20260807_152050_562216,right,1,304,22.207236842105264,22.0,0.24631547317793456,22.0,22.5,0.5,0.011091675877068894
run_20260807_152050_562216,right,2,304,22.174342105263158,22.0,0.23827690396676912,22.0,22.5,0.5,0.010745613233333009
run_20260807_152050_562216,right,3,304,22.120065789473685,22.0,0.21358160251974664,22.0,22.5,0.5,0.009655559099710458
run_20260807_152050_562216,right,4,304,22.154605263157894,22.0,0.23108406302215106,22.0,22.5,0.5,0.01043052043930719
run_20260807_152050_562216,right,5,304,22.725069252077564,23.0,0.4146884141659323,22.0,23.0,1.0,0.018248059425738417
run_20260807_152050_562216,right,6,304,22.120325484764543,22.0,0.21348342959776642,22.0,22.5,0.5,0.009651007610389999
run_20260807_152050_562216,right,7,304,22.02138157894737,22.0,0.12315773658896728,22.0,23.5,1.5,0.005592643501836739
run_20260807_152050_562216,right,8,304,21.98355263157895,22.0,0.08918053757714446,21.5,22.0,0.5,0.004056693614163088
run_20260807_152050_562216,right,9,304,21.999924750601995,22.0,0.03742190513541542,21.58823529411768,22.5,0.9117647058823195,0.0017010015061252166
run_20260807_152050_562216,right,10,304,21.62071312125155,21.5,0.21538117826060335,21.17391304347825,22.0,0.826086956521749,0.009961798070799973
run_20260807_152050_562216,right,11,304,21.76710883867277,22.0,0.2845029293552872,21.0,22.0,1.0,0.013070313171302842
run_20260807_152050_562216,right,12,304,21.659950657894736,21.0,0.9351734715588664,21.0,24.0,3.0,0.04317523554551632
run_20260807_152605_849744,left,1,102,23.544117647058822,22.0,4.9636437740404915,22.0,39.5,17.5,0.2108230959617448
run_20260807_152605_849744,left,2,102,22.40686274509804,22.5,0.19466401619279197,22.0,22.5,0.5,0.008687696194121542
run_20260807_152605_849744,left,3,102,22.151260504201684,22.0,0.31854356023095437,22.0,23.0,1.0,0.014380380753977073
run_20260807_152605_849744,left,4,102,22.397759103641455,22.5,0.2009157217418637,22.0,22.5,0.5,0.008970349257359348
run_20260807_152605_849744,left,5,102,22.342468805704097,22.5,0.2217981412242,22.0,22.5,0.5,0.00992719932398761
run_20260807_152605_849744,left,6,102,22.201648841354725,22.0,0.2353870449632097,22.0,22.5,0.5,0.010602232592957568
run_20260807_152605_849744,left,7,102,22.058823529411764,22.0,0.16109486985446062,22.0,22.5,0.5,0.007302967433402215
run_20260807_152605_849744,left,8,102,22.0,22.0,0.0,22.0,22.0,0.0,0.0
run_20260807_152605_849744,left,9,102,21.99019607843137,22.0,0.06932419423397525,21.5,22.0,0.5,0.003152504597354202
run_20260807_152605_849744,left,10,102,21.90686274509804,22.0,0.28637689547016726,21.0,22.0,1.0,0.013072474082773355
run_20260807_152605_849744,left,11,102,21.773755656108598,21.75,0.19200054516133633,21.5,22.0,0.5,0.00881798014976212
run_20260807_152605_849744,left,12,102,21.63511243658302,21.75,0.33956791750456355,21.0,22.0,1.0,0.015695223147090508
run_20260807_152605_849744,right,1,102,23.5,22.0,4.8218253804964775,22.0,39.0,17.0,0.20518405874453097
run_20260807_152605_849744,right,2,102,22.44607843137255,22.5,0.15509109823094486,22.0,22.5,0.5,0.006909496405134909
run_20260807_152605_849744,right,3,102,22.45098039215686,22.5,0.17863595253224115,22.0,23.0,1.0,0.007956710549471004
run_20260807_152605_849744,right,4,102,22.102941176470587,22.0,0.20217245713040471,22.0,22.5,0.5,0.009146857674562556
run_20260807_152605_849744,right,5,102,22.415892672858618,22.5,0.18615512069808546,22.0,22.5,0.5,0.00830460439005777
run_20260807_152605_849744,right,6,102,22.084107327141382,22.0,0.18615512069808546,22.0,22.5,0.5,0.008429370403815268
run_20260807_152605_849744,right,7,102,22.45098039215686,22.5,0.1486838322363049,22.0,22.5,0.5,0.0066225986410930575
run_20260807_152605_849744,right,8,102,21.766806722689076,21.5,0.3242448163644246,21.5,22.5,1.0,0.014896296939433076
run_20260807_152605_849744,right,9,102,21.801820728291315,22.0,0.24210355620535814,21.5,22.0,0.5,0.011104740251863022
run_20260807_152605_849744,right,10,102,21.965686274509803,22.0,0.1445039507155262,21.0,22.0,1.0,0.00657862217049037
run_20260807_152605_849744,right,11,102,21.5,21.5,0.24253562503633297,21.0,22.0,1.0,0.011280726745875953
run_20260807_152605_849744,right,12,102,22.08823529411765,21.5,0.9886903714100947,21.5,24.0,2.5,0.044760948905383784
run_20260807_152908_602296,left,1,3493,22.401628777740246,22.0,6.296649203231049,4.0,190.5,186.5,0.28107997260841233
run_20260807_152908_602296,left,2,3475,22.364135771329614,22.5,2.868272318109775,3.5,178.27272727272728,174.77272727272728,0.12825321521195754
run_20260807_152908_602296,left,3,3472,22.338176943460617,22.5,0.8187221563756888,4.0,44.5,40.5,0.03665125217908014
run_20260807_152908_602296,left,4,3470,22.13564044692284,22.0,1.1766402379087508,3.0,45.0,42.0,0.05315591571565846
run_20260807_152908_602296,left,5,3467,22.23037883869388,22.071428571428584,1.6996682053373326,3.6999999999999886,112.0,108.30000000000001,0.076457005868875
run_20260807_152908_602296,left,6,3465,22.671374411782715,22.5,3.7594711663056297,5.0,110.0,105.0,0.16582458116662596
run_20260807_152908_602296,left,7,3457,22.256107725910883,22.0,2.221991044777811,3.0,81.5,78.5,0.09983736024924685
run_20260807_152908_602296,left,8,3446,21.944281418485147,22.0,1.093210089635676,4.5,52.5,48.0,0.049817538737668185
run_20260807_152908_602296,left,9,3442,21.99295551385313,22.0,2.136065301978692,2.5,89.0,86.5,0.09712497716067343
run_20260807_152908_602296,left,10,3438,22.0386512719208,22.0,3.0952991690766556,3.0,110.0,107.0,0.14044866588638943
run_20260807_152908_602296,left,11,3422,21.759687099942877,22.0,1.9690009693614878,6.0,110.0,104.0,0.09048847808876152
run_20260807_152908_602296,left,12,3397,21.69330300693398,21.5,2.1554220599999927,21.0,110.0,89.0,0.0993588693852218
run_20260807_152908_602296,right,1,3487,22.211685593111937,22.0,2.5869671475765847,7.833333333333314,155.75,147.91666666666669,0.11646874509959877
run_20260807_152908_602296,right,2,3481,22.421531662230173,22.5,2.40661980685318,18.666666666666686,130.83333333333337,112.16666666666669,0.1073352098825261
run_20260807_152908_602296,right,3,3480,22.132849613653768,22.0,0.5165569251797965,3.0,23.0,20.0,0.02333892536192593
run_20260807_152908_602296,right,4,3477,22.34457360229294,22.363636363636374,1.7725629023876206,11.5,89.0,77.5,0.07932856244818765
run_20260807_152908_602296,right,5,3473,22.546772781889256,22.5,1.7554735210274435,5.833333333333314,78.0,72.16666666666669,0.07785919244449616
run_20260807_152908_602296,right,6,3467,23.114080688788157,22.214285714285666,4.466251129035826,21.714285714285666,72.16666666666669,50.45238095238102,0.19322642285324593
run_20260807_152908_602296,right,7,3444,22.16710691384887,22.0,1.9752452480965808,21.428571428571445,111.5,90.07142857142856,0.08910703844995438
run_20260807_152908_602296,right,8,3404,21.978664665949395,22.0,1.6370761015009734,21.0,111.5,90.5,0.0744847845118282
run_20260807_152908_602296,right,9,3375,21.913288605110285,22.0,3.0970040676982427,21.0,200.0,179.0,0.14132995386990915
run_20260807_152908_602296,right,10,3324,21.749843969022,21.5,1.594814991463612,21.0,65.0,44.0,0.07332535321793963
run_20260807_152908_602296,right,11,3296,21.783953149321444,22.0,0.5966353460696202,21.0,43.0,22.0,0.027388754556158464
run_20260807_152908_602296,right,12,3257,21.351698212503816,21.125,0.439855234666986,20.5,23.5,3.0,0.020600480125248368
