run_id,gap_id,sample_count,left_mean_px,right_mean_px,signed_difference_mean_px,signed_difference_std_px,absolute_difference_mean_px,absolute_difference_max_px
run_20260807_151925_613104,1,78,30.99908424908425,22.4124245852187,8.586659663865547,8.209518838786144,8.662209114414997,17.0
run_20260807_151925_613104,2,78,22.31531289223597,22.314071141277026,0.0012417509589452125,0.35362708009765764,0.27203399290503316,1.0
run_20260807_151925_613104,3,78,22.088533261610184,22.094017094017097,-0.005483832406909528,0.12637468197764132,0.04152471460163845,0.5
run_20260807_151925_613104,4,78,22.247252747252748,22.083333333333332,0.16391941391941237,0.4363022176340273,0.2921245421245406,1.0
run_20260807_151925_613104,5,78,22.336080586080588,22.416666666666668,-0.08058608058607902,0.19287375262858028,0.09523809523809398,0.5
run_20260807_151925_613104,6,78,22.487179487179485,22.173076923076923,0.3141025641025641,0.26685459354485447,0.33974358974358976,0.5
run_20260807_151925_613104,7,78,22.237179487179485,22.436965811965813,-0.19978632478632527,0.49107775529982145,0.3408119658119663,1.0833333333333712
run_20260807_151925_613104,8,78,21.96153846153846,21.941239316239315,0.020299145299145786,0.40522449403888533,0.27670940170940217,1.0
run_20260807_151925_613104,9,78,21.724358974358974,21.900326797385617,-0.17596782302664538,0.2821946367675702,0.22900955253896443,0.5
run_20260807_151925_613104,10,78,21.955128205128204,21.561211664152843,0.3939165409753633,0.3388285962671966,0.4836601307189531,1.0
run_20260807_151925_613104,11,78,21.903846153846153,21.550366300366303,0.3534798534798533,0.4139599318883164,0.5183150183150185,1.0
run_20260807_151925_613104,12,78,21.82051282051282,22.09065934065934,-0.27014652014651996,1.1149082179114511,0.8470695970695968,2.5
run_20260807_152050_562216,1,304,32.19023073533115,22.207236842105264,9.982993893225888,8.703408924485561,9.982993893225888,18.0
run_20260807_152050_562216,2,304,22.13557668093679,22.174342105263158,-0.03876542432636735,0.3872328712055694,0.30991878619994845,1.0
run_20260807_152050_562216,3,304,22.109375,22.120065789473685,-0.01069078947368421,0.0701620524170775,0.01069078947368421,0.5
run_20260807_152050_562216,4,304,22.182565789473685,22.154605263157894,0.027960526315789474,0.4983932589302261,0.32730263157894735,1.0
run_20260807_152050_562216,5,304,22.443347953216374,22.725069252077564,-0.2817212988611857,0.3972899519450359,0.2970721760541684,1.0
run_20260807_152050_562216,6,304,22.255665204678362,22.120325484764543,0.13533971991381727,0.24018892214191975,0.14520814096644885,1.0
run_20260807_152050_562216,7,304,22.120065789473685,22.02138157894737,0.09868421052631579,0.22242291453127588,0.10855263157894737,1.5
run_20260807_152050_562216,8,304,22.0,21.98355263157895,0.01644736842105263,0.08918053757714446,0.01644736842105263,0.5
run_20260807_152050_562216,9,304,21.998355263157894,21.999924750601995,-0.0015694874441006402,0.02942482986467035,0.002300481596147258,0.5
run_20260807_152050_562216,10,304,21.99671052631579,21.62071312125155,0.37599740506423796,0.21483982037852656,0.37599740506423796,0.5
run_20260807_152050_562216,11,304,21.76454293628809,21.76710883867277,-0.0025659023846802643,0.329436359073311,0.20713804498374078,1.0
run_20260807_152050_562216,12,304,21.84236495844875,21.659950657894736,0.18241430055401664,0.9346940028256198,0.8439014889196677,3.0
run_20260807_152605_849744,1,102,23.544117647058822,23.5,0.04411764705882353,0.14181839354401404,0.04411764705882353,0.5
run_20260807_152605_849744,2,102,22.40686274509804,22.44607843137255,-0.0392156862745098,0.1669547682933961,0.058823529411764705,0.5
run_20260807_152605_849744,3,102,22.151260504201684,22.45098039215686,-0.2997198879551822,0.33082880867434605,0.3977591036414567,0.5714285714285836
run_20260807_152605_849744,4,102,22.397759103641455,22.102941176470587,0.29481792717086847,0.32296885362974403,0.38305322128851554,0.5
run_20260807_152605_849744,5,102,22.342468805704097,22.415892672858618,-0.07342386715451682,0.265249919354004,0.16165916127216387,0.5
run_20260807_152605_849744,6,102,22.201648841354725,22.084107327141382,0.11754151421334035,0.1996841328004133,0.11754151421334035,0.5
run_20260807_152605_849744,7,102,22.058823529411764,22.45098039215686,-0.39215686274509803,0.2172403902564739,0.4019607843137255,0.5
run_20260807_152605_849744,8,102,22.0,21.766806722689076,0.23319327731092374,0.3242448163644246,0.3214285714285708,0.5
run_20260807_152605_849744,9,102,21.99019607843137,21.801820728291315,0.18837535014005666,0.24980769227923408,0.1981792717086841,0.5
run_20260807_152605_849744,10,102,21.90686274509804,21.965686274509803,-0.058823529411764705,0.3305826529428895,0.12745098039215685,1.0
run_20260807_152605_849744,11,102,21.773755656108598,21.5,0.27375565610859715,0.32479479725303867,0.3031674208144795,1.0
run_20260807_152605_849744,12,102,21.63511243658302,22.08823529411765,-0.45312285753462206,1.0967001509159262,0.7635575209104621,3.0
run_20260807_152908_602296,1,3479,22.40324499012552,22.21141327685124,0.191831713274278,5.8576853751593285,0.6181862463371732,89.0
run_20260807_152908_602296,2,3461,22.363586190514418,22.392088524383098,-0.02850233386867585,3.2753140234159885,0.36127375025351893,155.77272727272728
run_20260807_152908_602296,3,3458,22.337698513246494,22.131061739960945,0.2066367732855467,0.9676671278135012,0.40569295788608806,22.5
run_20260807_152908_602296,4,3454,22.136091847050128,22.344986223269412,-0.20889437621928364,2.068168505081963,0.4457592192071035,67.0
run_20260807_152908_602296,5,3449,22.2295515899541,22.548475462888195,-0.3189238729340964,2.4666130668545083,0.5701242637229208,89.5
run_20260807_152908_602296,6,3442,22.58507040581845,22.997571977928104,-0.4125015721096554,4.960440941321753,1.20835081243877,81.5
run_20260807_152908_602296,7,3431,22.25673693047914,22.167885809179687,0.08885112129945111,2.41090673024632,0.42092073194734947,59.5
run_20260807_152908_602296,8,3400,21.944115814147004,21.95246309496816,-0.008347280821157254,1.2474056817252002,0.2381701966127663,31.0
run_20260807_152908_602296,9,3371,21.995130135497856,21.913482361983746,0.08164777351411219,2.8153757470278347,0.3324741045062863,118.0
run_20260807_152908_602296,10,3319,22.04281721771346,21.749768410072047,0.29304880764141533,3.5416253343401296,0.5751403118008348,88.5
run_20260807_152908_602296,11,3286,21.756593161600854,21.784360797371722,-0.027767635770869208,2.09566482560662,0.326555028286865,88.58333333333337
run_20260807_152908_602296,12,3235,21.69331058118675,21.350726215997064,0.3425843651896866,2.244346035213034,0.5333217815589734,88.5
