run_id,tick_id,pair_center_x_count,pair_center_x_mean,pair_center_x_median,pair_center_x_std,pair_center_x_min,pair_center_x_max,pair_center_x_range,pair_center_x_coefficient_of_variation
run_20260807_151925_613104,0,78,381.1341575091575,390.25,9.618709055948067,370.75,391.0,20.25,0.025237069064629712
run_20260807_151925_613104,1,78,376.8408276772247,382.0,5.517223442092521,370.75,382.5,11.75,0.014640726367415226
run_20260807_151925_613104,2,78,376.84020680174524,382.0,5.45610291134474,371.0,382.5,11.5,0.014478558319588183
run_20260807_151925_613104,3,78,376.84294871794873,382.0,5.443490139130046,371.0,382.5,11.5,0.01444498340130618
run_20260807_151925_613104,4,78,376.76098901098896,382.0,5.535933788902002,370.5,382.5,12.0,0.014693489905719873
run_20260807_151925_613104,5,78,376.80128205128204,382.0,5.491887807455451,370.75,382.5,11.75,0.014575024207874149
run_20260807_151925_613104,6,78,376.6442307692308,381.75,5.408996427896951,370.5,382.75,12.25,0.014361022912391384
run_20260807_151925_613104,7,78,376.74412393162396,381.75,5.292081905266429,370.75,382.5,11.75,0.014046886385484542
run_20260807_151925_613104,8,78,376.73397435897436,381.75,5.385810497714457,370.75,382.25,11.5,0.014296057335626808
run_20260807_151925_613104,9,78,376.8219582704877,382.0,5.458990689376074,370.8333333333333,382.25,11.416666666666686,0.014486922987268006
run_20260807_151925_613104,10,78,376.625,381.75,5.407104478938228,370.5,382.0,11.5,0.014356732768505086
run_20260807_151925_613104,11,78,376.4482600732601,381.5,5.334364416524266,370.25,381.75,11.5,0.014170245907063436
run_20260807_151925_613104,12,78,376.5833333333333,381.25,4.9859846304459,370.5,383.0,12.5,0.013240056553518656
run_20260807_152050_562216,0,304,382.63042015550235,391.25,9.839596888079162,371.25,391.25,20.0,0.02571566809580983
run_20260807_152050_562216,1,304,377.6389232088894,382.25,5.490243377349716,371.25,382.625,11.375,0.014538340832819319
run_20260807_152050_562216,2,304,377.65830592105266,382.5,5.527633731644576,371.0,382.5,11.5,0.014636600453321148
run_20260807_152050_562216,3,304,377.6636513157895,382.5,5.521316599946101,371.25,382.5,11.25,0.014619666416690349
run_20260807_152050_562216,4,304,377.64967105263156,382.5,5.5823868241955,371.0,382.75,11.75,0.014781918937293354
run_20260807_152050_562216,5,304,377.79053170206214,382.5,5.511990110708635,371.25,383.0,11.75,0.014590069491353927
run_20260807_152050_562216,6,304,377.72286184210526,382.5,5.453138766065377,371.25,382.5,11.25,0.01443687771365262
run_20260807_152050_562216,7,304,377.6735197368421,382.5,5.510168331880895,371.25,382.5,11.25,0.014589766144368046
run_20260807_152050_562216,8,304,377.66529605263156,382.5,5.519479968518697,371.25,382.5,11.25,0.014614739628471185
run_20260807_152050_562216,9,304,377.66608079635364,382.5,5.518227988508743,371.25,382.5,11.25,0.014611394215951048
run_20260807_152050_562216,10,304,377.4780820938215,382.25,5.447291415583816,371.25,382.25,11.0,0.014430748893732859
run_20260807_152050_562216,11,304,377.4793650450139,382.0,5.394563650867513,371.0,382.25,11.25,0.014291016014144824
run_20260807_152050_562216,12,304,377.3881578947368,381.75,5.054455879541056,371.0,383.25,12.25,0.013393255124213178
run_20260807_152605_849744,0,102,371.24754901960785,371.5,0.4149401947800874,370.5,371.5,1.0,0.0011176914053058755
run_20260807_152605_849744,1,102,371.22549019607845,371.5,0.4462669284996487,370.5,371.5,1.0,0.0012021451659042432
run_20260807_152605_849744,2,102,371.2450980392157,371.5,0.4657120735887694,370.5,371.75,1.25,0.001254459859668167
run_20260807_152605_849744,3,102,371.3949579831933,371.5178571428571,0.4611189006010171,370.5,371.75,1.25,0.0012415863239098794
run_20260807_152605_849744,4,102,371.24754901960785,371.5,0.4149401947800874,370.5,371.5,1.0,0.0011176914053058755
run_20260807_152605_849744,5,102,371.28426095318514,371.5,0.432974986676449,370.5,371.75,1.25,0.0011661549713012005
run_20260807_152605_849744,6,102,371.22549019607845,371.5,0.4462669284996487,370.5,371.5,1.0,0.0012021451659042432
run_20260807_152605_849744,7,102,371.421568627451,371.75,0.4748327777848749,370.5,371.75,1.25,0.0012784200431320376
run_20260807_152605_849744,8,102,371.30497198879556,371.5,0.45768502209212125,370.5,371.75,1.25,0.0012326390881346246
run_20260807_152605_849744,9,102,371.21078431372547,371.5,0.4298100042506465,370.5,371.75,1.25,0.0011578596916176779
run_20260807_152605_849744,10,102,371.2401960784314,371.5,0.4629953211811127,370.5,371.75,1.25,0.0012471583790546656
run_20260807_152605_849744,11,102,371.1033182503771,371.375,0.42776602654356877,370.25,371.5,1.25,0.0011526871507383351
run_20260807_152605_849744,12,102,371.32987967914437,371.25,0.765528317220426,370.25,372.5,2.25,0.002061585558053926
run_20260807_152908_602296,0,3480,370.9404922646262,371.0,2.3814401818171134,263.54545454545456,414.125,150.57954545454544,0.006420005988772484
run_20260807_152908_602296,1,3479,370.84132561530856,371.0,3.3801936085036424,305.3333333333333,414.0,108.66666666666669,0.009114932384882257
run_20260807_152908_602296,2,3461,371.0305437073346,371.0,2.828931470382074,282.0,458.75,176.75,0.0076245244990221315
run_20260807_152908_602296,3,3458,370.93668359440125,370.75,2.9820776860800797,282.25,459.0,176.75,0.008039317268876045
run_20260807_152908_602296,4,3454,371.06002097775627,371.0,3.2483971085328824,283.0,459.0681818181818,176.0681818181818,0.008754371058281194
run_20260807_152908_602296,5,3449,371.2382709991432,371.0,3.009573200423025,323.41666666666663,459.25,135.83333333333337,0.00810685060116006
run_20260807_152908_602296,6,3442,371.4154450556785,371.0,3.381050934985455,326.75,418.5,91.75,0.009103151147843637
run_20260807_152908_602296,7,3431,371.3737358738142,371.0,3.3360386812756158,318.75,422.75,104.0,0.008982968796719483
run_20260807_152908_602296,8,3400,371.30352298836834,371.0,3.136182987218399,327.5,427.0,99.5,0.008446413225431864
run_20260807_152908_602296,9,3371,371.20606142403335,371.0,3.439718289418678,348.5,485.5,137.0,0.009266331148319921
run_20260807_152908_602296,10,3319,370.9765259620463,370.75,2.5739284841298815,348.75,426.0,77.25,0.006938251625099357
run_20260807_152908_602296,11,3286,370.9358947233693,370.75,1.988701672112233,359.7105263157895,425.75,66.03947368421052,0.005361308248680909
run_20260807_152908_602296,12,3235,370.7032547651472,370.5,0.9776877764670069,370.0,403.5,33.5,0.002637386545436199
