run_id,frame_id,measurement_index,datetime,status,failure_reason,warning_text,capture_ms,binary_ms,measurement_ms,total_processing_ms,record_mode,logger_mode,image_width,image_height,axis_y,axis_half_height,tick_band_y1,tick_band_y2,logo_x1,logo_x2,logo_source,candidate_count,left_candidate_count,right_candidate_count,valid_tick_count,invalid_tick_count,left_reference_x,right_reference_x,reference_midpoint_x,reference_span_px,inner_center_x,all_pairs_center_x,pair_center_std_px,left_pitch_px_per_div,right_pitch_px_per_div,global_pitch_px_per_div,left_gap_mean_px,left_gap_std_px,left_gap_cv,right_gap_mean_px,right_gap_std_px,right_gap_cv,all_gap_mean_px,all_gap_std_px,left_right_gap_abs_diff_mean_px,left_right_gap_abs_diff_max_px,axis_centroid_offset_mean_px,axis_centroid_offset_std_px,camera_ae_enable,camera_awb_enable,camera_awb_mode,camera_frame_duration_limits,camera_exposure_time,camera_analogue_gain,camera_brightness,camera_contrast,camera_lens_position,camera_settings_json
run_20260926_014514_754610,1,1,2026-09-26T01:45:15.275,PASS,,,246.74715500077582,5.971828999463469,9.595883999281796,263.1623209999816,interval,append-only,740,160,80,2,30,125,304,441,provided,26,13,13,26,0,270.92857142857144,475.0,372.9642857142857,204.07142857142856,373.0394736842105,372.6925968768074,0.3280920180514462,19.0,18.5,18.928571428571445,18.833333333333332,0.36576884513660174,0.0194213546090231,18.701754385964914,0.2529451027244939,0.01352520718132847,18.767543859649123,0.3212666982120609,0.3101503759398459,0.5,0.01571963655741972,0.3543146559462428,False,True,Indoor,"[33333, 33333]",13000,4.8,0.0,0.8,12.0,"{""AeEnable"": false, ""AwbEnable"": true, ""AwbMode"": ""Indoor"", ""FrameDurationLimits"": [33333, 33333], ""ExposureTime"": 13000, ""AnalogueGain"": 4.8, ""Brightness"": 0.0, ""Contrast"": 0.8, ""LensPosition"": 12.0}"
run_20260926_014514_754610,26,2,2026-09-26T01:45:16.301,PASS,,,16.218685999774607,5.49620300080278,4.449972999282181,26.189603999227984,interval,append-only,740,160,80,2,30,125,304,441,provided,26,13,13,26,0,271.0,475.0,373.0,204.0,373.08333333333337,372.72622991044045,0.33113595287912767,19.0,18.53947368421052,18.86363636363636,18.833333333333332,0.3453415551527715,0.018336719742625036,18.694444444444443,0.2640295829440492,0.014123424942029379,18.76388888888889,0.31513288634585457,0.19949494949495042,0.5789473684210407,0.035249756767336965,0.34131852842556665,False,True,Indoor,"[33333, 33333]",13000,4.8,0.0,0.8,12.0,"{""AeEnable"": false, ""AwbEnable"": true, ""AwbMode"": ""Indoor"", ""FrameDurationLimits"": [33333, 33333], ""ExposureTime"": 13000, ""AnalogueGain"": 4.8, ""Brightness"": 0.0, ""Contrast"": 0.8, ""LensPosition"": 12.0}"
run_20260926_014514_754610,49,3,2026-09-26T01:45:17.354,PASS,,,1.965331997780595,6.969263002247317,4.772617998241913,13.732766998145962,interval,append-only,740,160,80,2,30,125,304,441,provided,26,13,13,26,0,271.0,475.0,373.0,204.0,373.0394736842105,372.7198196540302,0.3295486370349971,19.0,18.5,18.86363636363636,18.833333333333332,0.3453415551527715,0.018336719742625036,18.701754385964914,0.2529451027244939,0.01352520718132847,18.767543859649123,0.3097567791049376,0.19218500797448002,0.5,0.027394738407708112,0.3418003356294704,False,True,Indoor,"[33333, 33333]",13000,4.8,0.0,0.8,12.0,"{""AeEnable"": false, ""AwbEnable"": true, ""AwbMode"": ""Indoor"", ""FrameDurationLimits"": [33333, 33333], ""ExposureTime"": 13000, ""AnalogueGain"": 4.8, ""Brightness"": 0.0, ""Contrast"": 0.8, ""LensPosition"": 12.0}"
run_20260926_014514_754610,76,4,2026-09-26T01:45:18.414,PASS,,,1.5421700009028427,5.528129000595072,4.3210119983996265,11.433734998718137,interval,append-only,740,160,80,2,30,125,304,441,provided,26,13,13,26,0,271.0,475.0,373.0,204.0,373.0394736842105,372.7241902834008,0.342868013934081,19.0,18.5,19.0,18.833333333333332,0.3280836614171588,0.017420371402680997,18.701754385964914,0.2529451027244939,0.01352520718132847,18.767543859649123,0.30023043114954584,0.2149122807017534,0.5,0.03397771363067757,0.33924117594383013,False,True,Indoor,"[33333, 33333]",13000,4.8,0.0,0.8,12.0,"{""AeEnable"": false, ""AwbEnable"": true, ""AwbMode"": ""Indoor"", ""FrameDurationLimits"": [33333, 33333], ""ExposureTime"": 13000, ""AnalogueGain"": 4.8, ""Brightness"": 0.0, ""Contrast"": 0.8, ""LensPosition"": 12.0}"
run_20260926_014514_754610,103,5,2026-09-26T01:45:19.481,PASS,,,1.4995219971751794,7.829013000446139,6.089326998335309,15.483490999031346,interval,append-only,740,160,80,2,30,125,304,441,provided,26,13,13,26,0,271.0,475.0,373.0,204.0,373.08333333333337,372.72594072594075,0.33336715976021514,19.0,18.5,18.86363636363636,18.833333333333332,0.328947363489397,0.0174662316897025,18.694444444444443,0.26205503144601894,0.014017802573635487,18.76388888888889,0.30538849780336746,0.19949494949495042,0.5,0.03450729803685157,0.33744768725747626,False,True,Indoor,"[33333, 33333]",13000,4.8,0.0,0.8,12.0,"{""AeEnable"": false, ""AwbEnable"": true, ""AwbMode"": ""Indoor"", ""FrameDurationLimits"": [33333, 33333], ""ExposureTime"": 13000, ""AnalogueGain"": 4.8, ""Brightness"": 0.0, ""Contrast"": 0.8, ""LensPosition"": 12.0}"
run_20260926_014514_754610,133,6,2026-09-26T01:45:20.502,PASS,,,15.867709000303876,5.556757998419926,4.043736000312492,26.147697000851622,interval,append-only,740,160,80,2,30,125,304,441,provided,26,13,13,26,0,271.0,475.0,373.0,204.0,373.08333333333337,372.7179487179488,0.3436519270174444,19.0,18.5,19.0,18.833333333333332,0.3726779962499649,0.019788212190263624,18.694444444444443,0.26205503144601894,0.014017802573635487,18.76388888888889,0.32955029215846415,0.2222222222222238,0.5,0.024332177084143217,0.36108658374338337,False,True,Indoor,"[33333, 33333]",13000,4.8,0.0,0.8,12.0,"{""AeEnable"": false, ""AwbEnable"": true, ""AwbMode"": ""Indoor"", ""FrameDurationLimits"": [33333, 33333], ""ExposureTime"": 13000, ""AnalogueGain"": 4.8, ""Brightness"": 0.0, ""Contrast"": 0.8, ""LensPosition"": 12.0}"
run_20260926_014514_754610,164,7,2026-09-26T01:45:21.536,PASS,,,16.18933500139974,5.872996000107378,4.4355850004649255,26.520100997004192,interval,append-only,740,160,80,2,30,125,304,441,provided,26,13,13,26,0,271.0,475.0,373.0,204.0,373.08333333333337,372.72319347319353,0.3330102188009827,19.0,18.5,18.86363636363636,18.833333333333332,0.3453415551527715,0.018336719742625036,18.694444444444443,0.26205503144601894,0.014017802573635487,18.76388888888889,0.31430772417322483,0.19949494949495042,0.5,0.02668865970570959,0.34422057875572165,False,True,Indoor,"[33333, 33333]",13000,4.8,0.0,0.8,12.0,"{""AeEnable"": false, ""AwbEnable"": true, ""AwbMode"": ""Indoor"", ""FrameDurationLimits"": [33333, 33333], ""ExposureTime"": 13000, ""AnalogueGain"": 4.8, ""Brightness"": 0.0, ""Contrast"": 0.8, ""LensPosition"": 12.0}"
run_20260926_014514_754610,194,8,2026-09-26T01:45:22.547,PASS,,,1.669057997787604,5.543166000279598,4.237660999933723,11.483197999041295,interval,append-only,740,160,80,2,30,125,304,441,provided,26,13,13,26,0,271.0,475.0,373.0,204.0,373.0394736842105,372.71732215153264,0.34066547779632733,19.0,18.5,19.0,18.833333333333332,0.3575394623257406,0.01898439622968534,18.701754385964914,0.2529451027244939,0.01352520718132847,18.767543859649123,0.3166008542374571,0.2149122807017534,0.5,0.02093240786993424,0.353964692516442,False,True,Indoor,"[33333, 33333]",13000,4.8,0.0,0.8,12.0,"{""AeEnable"": false, ""AwbEnable"": true, ""AwbMode"": ""Indoor"", ""FrameDurationLimits"": [33333, 33333], ""ExposureTime"": 13000, ""AnalogueGain"": 4.8, ""Brightness"": 0.0, ""Contrast"": 0.8, ""LensPosition"": 12.0}"
run_20260926_014514_754610,225,9,2026-09-26T01:45:23.568,PASS,,,16.92025400188868,5.385037999076303,3.6697590003313962,26.630951000697678,interval,append-only,740,160,80,2,30,125,304,441,provided,26,13,13,26,0,271.0,475.0,373.0,204.0,373.0394736842105,372.7198196540302,0.3295486370349971,19.0,18.5,18.86363636363636,18.833333333333332,0.3453415551527715,0.018336719742625036,18.701754385964914,0.2529451027244939,0.01352520718132847,18.767543859649123,0.3097567791049376,0.19218500797448002,0.5,0.01672890719185023,0.36531590016533433,False,True,Indoor,"[33333, 33333]",13000,4.8,0.0,0.8,12.0,"{""AeEnable"": false, ""AwbEnable"": true, ""AwbMode"": ""Indoor"", ""FrameDurationLimits"": [33333, 33333], ""ExposureTime"": 13000, ""AnalogueGain"": 4.8, ""Brightness"": 0.0, ""Contrast"": 0.8, ""LensPosition"": 12.0}"
run_20260926_014514_754610,256,10,2026-09-26T01:45:24.601,PASS,,,17.13515799929155,5.127947999426397,3.6536289990181103,25.939105998986633,interval,append-only,740,160,80,2,30,125,304,441,provided,26,13,13,26,0,271.0,475.0,373.0,204.0,373.0,372.71678321678326,0.3267594295176779,19.0,18.5,18.86363636363636,18.833333333333332,0.3453415551527715,0.018336719742625036,18.708333333333332,0.2465033242958173,0.013176124238529211,18.770833333333332,0.3064613993672152,0.18560606060605997,0.5,0.015216700022683938,0.37143099290227527,False,True,Indoor,"[33333, 33333]",13000,4.8,0.0,0.8,12.0,"{""AeEnable"": false, ""AwbEnable"": true, ""AwbMode"": ""Indoor"", ""FrameDurationLimits"": [33333, 33333], ""ExposureTime"": 13000, ""AnalogueGain"": 4.8, ""Brightness"": 0.0, ""Contrast"": 0.8, ""LensPosition"": 12.0}"
run_20260926_014514_754610,285,11,2026-09-26T01:45:25.605,PASS,,,1.3236899976618588,5.859198998223292,4.883562000031816,12.105840000003809,interval,append-only,740,160,80,2,30,125,304,441,provided,26,13,13,26,0,271.0,475.0,373.0,204.0,373.0,372.71153846153845,0.3374986302843124,19.0,18.5,19.0,18.833333333333332,0.3726779962499649,0.019788212190263624,18.708333333333332,0.2465033242958173,0.013176124238529211,18.770833333333332,0.3220755173695897,0.20833333333333334,0.5,0.015116490268774476,0.384602989854077,False,True,Indoor,"[33333, 33333]",13000,4.8,0.0,0.8,12.0,"{""AeEnable"": false, ""AwbEnable"": true, ""AwbMode"": ""Indoor"", ""FrameDurationLimits"": [33333, 33333], ""ExposureTime"": 13000, ""AnalogueGain"": 4.8, ""Brightness"": 0.0, ""Contrast"": 0.8, ""LensPosition"": 12.0}"
run_20260926_014514_754610,316,12,2026-09-26T01:45:26.622,PASS,,,1.6172800023923628,5.640332001348725,4.590379998262506,11.87887899868656,interval,append-only,740,160,80,2,30,125,304,441,provided,26,13,13,26,0,271.0,475.0,373.0,204.0,372.9605263157895,372.692018507808,0.33787066281780564,19.0,18.53947368421052,18.928571428571416,18.833333333333332,0.36576884513659935,0.019421354609022976,18.714912280701753,0.24186518735021525,0.012923661287989004,18.774122807017545,0.31567181516386766,0.2863408521303228,0.5,0.00989509921332508,0.3620921073030981,False,True,Indoor,"[33333, 33333]",13000,4.8,0.0,0.8,12.0,"{""AeEnable"": false, ""AwbEnable"": true, ""AwbMode"": ""Indoor"", ""FrameDurationLimits"": [33333, 33333], ""ExposureTime"": 13000, ""AnalogueGain"": 4.8, ""Brightness"": 0.0, ""Contrast"": 0.8, ""LensPosition"": 12.0}"
