run_id,frame_id,measurement_index,datetime,tick_id,left_x_at_axis,right_x_at_axis,pair_center_x,valid,invalid_reason
run_20260926_014514_754610,1,1,2026-09-26T01:45:15.275,0,289.5,456.57894736842104,373.0394736842105,True,
run_20260926_014514_754610,1,1,2026-09-26T01:45:15.275,1,270.92857142857144,475.0,372.9642857142857,True,
run_20260926_014514_754610,1,1,2026-09-26T01:45:15.275,2,252.0,494.0,373.0,True,
run_20260926_014514_754610,1,1,2026-09-26T01:45:15.275,3,233.0,513.0,373.0,True,
run_20260926_014514_754610,1,1,2026-09-26T01:45:15.275,4,214.0,531.5,372.75,True,
run_20260926_014514_754610,1,1,2026-09-26T01:45:15.275,5,195.5,550.5,373.0,True,
run_20260926_014514_754610,1,1,2026-09-26T01:45:15.275,6,176.0,569.5,372.75,True,
run_20260926_014514_754610,1,1,2026-09-26T01:45:15.275,7,157.5,588.0,372.75,True,
run_20260926_014514_754610,1,1,2026-09-26T01:45:15.275,8,138.5,607.0,372.75,True,
run_20260926_014514_754610,1,1,2026-09-26T01:45:15.275,9,119.5,625.5,372.5,True,
run_20260926_014514_754610,1,1,2026-09-26T01:45:15.275,10,100.5,644.0,372.25,True,
run_20260926_014514_754610,1,1,2026-09-26T01:45:15.275,11,81.5,662.5,372.0,True,
run_20260926_014514_754610,1,1,2026-09-26T01:45:15.275,12,63.5,681.0,372.25,True,
run_20260926_014514_754610,26,2,2026-09-26T01:45:16.301,0,289.5,456.6666666666667,373.08333333333337,True,
run_20260926_014514_754610,26,2,2026-09-26T01:45:16.301,1,271.0,475.0,373.0,True,
run_20260926_014514_754610,26,2,2026-09-26T01:45:16.301,2,252.0,494.0,373.0,True,
run_20260926_014514_754610,26,2,2026-09-26T01:45:16.301,3,233.0,513.0,373.0,True,
run_20260926_014514_754610,26,2,2026-09-26T01:45:16.301,4,214.5,531.5,373.0,True,
run_20260926_014514_754610,26,2,2026-09-26T01:45:16.301,5,195.5,550.5,373.0,True,
run_20260926_014514_754610,26,2,2026-09-26T01:45:16.301,6,176.0,569.5,372.75,True,
run_20260926_014514_754610,26,2,2026-09-26T01:45:16.301,7,157.5,588.0,372.75,True,
run_20260926_014514_754610,26,2,2026-09-26T01:45:16.301,8,138.5,607.0,372.75,True,
run_20260926_014514_754610,26,2,2026-09-26T01:45:16.301,9,119.5,625.578947368421,372.5394736842105,True,
run_20260926_014514_754610,26,2,2026-09-26T01:45:16.301,10,100.5,644.0,372.25,True,
run_20260926_014514_754610,26,2,2026-09-26T01:45:16.301,11,81.63636363636364,662.5,372.0681818181818,True,
run_20260926_014514_754610,26,2,2026-09-26T01:45:16.301,12,63.5,681.0,372.25,True,
run_20260926_014514_754610,49,3,2026-09-26T01:45:17.354,0,289.5,456.57894736842104,373.0394736842105,True,
run_20260926_014514_754610,49,3,2026-09-26T01:45:17.354,1,271.0,475.0,373.0,True,
run_20260926_014514_754610,49,3,2026-09-26T01:45:17.354,2,252.0,494.0,373.0,True,
run_20260926_014514_754610,49,3,2026-09-26T01:45:17.354,3,233.0,513.0,373.0,True,
run_20260926_014514_754610,49,3,2026-09-26T01:45:17.354,4,214.5,531.5,373.0,True,
run_20260926_014514_754610,49,3,2026-09-26T01:45:17.354,5,195.5,550.5,373.0,True,
run_20260926_014514_754610,49,3,2026-09-26T01:45:17.354,6,176.0,569.5,372.75,True,
run_20260926_014514_754610,49,3,2026-09-26T01:45:17.354,7,157.5,588.0,372.75,True,
run_20260926_014514_754610,49,3,2026-09-26T01:45:17.354,8,138.5,607.0,372.75,True,
run_20260926_014514_754610,49,3,2026-09-26T01:45:17.354,9,119.5,625.5,372.5,True,
run_20260926_014514_754610,49,3,2026-09-26T01:45:17.354,10,100.5,644.0,372.25,True,
run_20260926_014514_754610,49,3,2026-09-26T01:45:17.354,11,81.63636363636364,662.5,372.0681818181818,True,
run_20260926_014514_754610,49,3,2026-09-26T01:45:17.354,12,63.5,681.0,372.25,True,
run_20260926_014514_754610,76,4,2026-09-26T01:45:18.414,0,289.5,456.57894736842104,373.0394736842105,True,
run_20260926_014514_754610,76,4,2026-09-26T01:45:18.414,1,271.0,475.0,373.0,True,
run_20260926_014514_754610,76,4,2026-09-26T01:45:18.414,2,252.0,494.0,373.0,True,
run_20260926_014514_754610,76,4,2026-09-26T01:45:18.414,3,233.0,513.0,373.0,True,
run_20260926_014514_754610,76,4,2026-09-26T01:45:18.414,4,214.5,531.5,373.0,True,
run_20260926_014514_754610,76,4,2026-09-26T01:45:18.414,5,195.5,550.5,373.0,True,
run_20260926_014514_754610,76,4,2026-09-26T01:45:18.414,6,176.25,569.5,372.875,True,
run_20260926_014514_754610,76,4,2026-09-26T01:45:18.414,7,157.5,588.0,372.75,True,
run_20260926_014514_754610,76,4,2026-09-26T01:45:18.414,8,138.5,607.0,372.75,True,
run_20260926_014514_754610,76,4,2026-09-26T01:45:18.414,9,119.5,625.5,372.5,True,
run_20260926_014514_754610,76,4,2026-09-26T01:45:18.414,10,100.5,644.0,372.25,True,
run_20260926_014514_754610,76,4,2026-09-26T01:45:18.414,11,81.5,662.5,372.0,True,
run_20260926_014514_754610,76,4,2026-09-26T01:45:18.414,12,63.5,681.0,372.25,True,
run_20260926_014514_754610,103,5,2026-09-26T01:45:19.481,0,289.5,456.6666666666667,373.08333333333337,True,
run_20260926_014514_754610,103,5,2026-09-26T01:45:19.481,1,271.0,475.0,373.0,True,
run_20260926_014514_754610,103,5,2026-09-26T01:45:19.481,2,252.0,494.0,373.0,True,
run_20260926_014514_754610,103,5,2026-09-26T01:45:19.481,3,233.0,513.0,373.0,True,
run_20260926_014514_754610,103,5,2026-09-26T01:45:19.481,4,214.5,531.5,373.0,True,
run_20260926_014514_754610,103,5,2026-09-26T01:45:19.481,5,195.5,550.5,373.0,True,
run_20260926_014514_754610,103,5,2026-09-26T01:45:19.481,6,176.07142857142858,569.5,372.7857142857143,True,
run_20260926_014514_754610,103,5,2026-09-26T01:45:19.481,7,157.5,588.0,372.75,True,
run_20260926_014514_754610,103,5,2026-09-26T01:45:19.481,8,138.5,607.0,372.75,True,
run_20260926_014514_754610,103,5,2026-09-26T01:45:19.481,9,119.5,625.5,372.5,True,
run_20260926_014514_754610,103,5,2026-09-26T01:45:19.481,10,100.5,644.0,372.25,True,
run_20260926_014514_754610,103,5,2026-09-26T01:45:19.481,11,81.63636363636364,662.5,372.0681818181818,True,
run_20260926_014514_754610,103,5,2026-09-26T01:45:19.481,12,63.5,681.0,372.25,True,
run_20260926_014514_754610,133,6,2026-09-26T01:45:20.502,0,289.5,456.6666666666667,373.08333333333337,True,
run_20260926_014514_754610,133,6,2026-09-26T01:45:20.502,1,271.0,475.0,373.0,True,
run_20260926_014514_754610,133,6,2026-09-26T01:45:20.502,2,252.0,494.0,373.0,True,
run_20260926_014514_754610,133,6,2026-09-26T01:45:20.502,3,233.0,513.0,373.0,True,
run_20260926_014514_754610,133,6,2026-09-26T01:45:20.502,4,214.5,531.5,373.0,True,
run_20260926_014514_754610,133,6,2026-09-26T01:45:20.502,5,195.5,550.5,373.0,True,
run_20260926_014514_754610,133,6,2026-09-26T01:45:20.502,6,176.0,569.5,372.75,True,
run_20260926_014514_754610,133,6,2026-09-26T01:45:20.502,7,157.5,588.0,372.75,True,
run_20260926_014514_754610,133,6,2026-09-26T01:45:20.502,8,138.5,607.0,372.75,True,
run_20260926_014514_754610,133,6,2026-09-26T01:45:20.502,9,119.5,625.5,372.5,True,
run_20260926_014514_754610,133,6,2026-09-26T01:45:20.502,10,100.5,644.0,372.25,True,
run_20260926_014514_754610,133,6,2026-09-26T01:45:20.502,11,81.5,662.5,372.0,True,
run_20260926_014514_754610,133,6,2026-09-26T01:45:20.502,12,63.5,681.0,372.25,True,
run_20260926_014514_754610,164,7,2026-09-26T01:45:21.536,0,289.5,456.6666666666667,373.08333333333337,True,
run_20260926_014514_754610,164,7,2026-09-26T01:45:21.536,1,271.0,475.0,373.0,True,
run_20260926_014514_754610,164,7,2026-09-26T01:45:21.536,2,252.0,494.0,373.0,True,
run_20260926_014514_754610,164,7,2026-09-26T01:45:21.536,3,233.0,513.0,373.0,True,
run_20260926_014514_754610,164,7,2026-09-26T01:45:21.536,4,214.5,531.5,373.0,True,
run_20260926_014514_754610,164,7,2026-09-26T01:45:21.536,5,195.5,550.5,373.0,True,
run_20260926_014514_754610,164,7,2026-09-26T01:45:21.536,6,176.0,569.5,372.75,True,
run_20260926_014514_754610,164,7,2026-09-26T01:45:21.536,7,157.5,588.0,372.75,True,
run_20260926_014514_754610,164,7,2026-09-26T01:45:21.536,8,138.5,607.0,372.75,True,
run_20260926_014514_754610,164,7,2026-09-26T01:45:21.536,9,119.5,625.5,372.5,True,
run_20260926_014514_754610,164,7,2026-09-26T01:45:21.536,10,100.5,644.0,372.25,True,
run_20260926_014514_754610,164,7,2026-09-26T01:45:21.536,11,81.63636363636364,662.5,372.0681818181818,True,
run_20260926_014514_754610,164,7,2026-09-26T01:45:21.536,12,63.5,681.0,372.25,True,
run_20260926_014514_754610,194,8,2026-09-26T01:45:22.547,0,289.5,456.57894736842104,373.0394736842105,True,
run_20260926_014514_754610,194,8,2026-09-26T01:45:22.547,1,271.0,475.0,373.0,True,
run_20260926_014514_754610,194,8,2026-09-26T01:45:22.547,2,252.0,494.0,373.0,True,
run_20260926_014514_754610,194,8,2026-09-26T01:45:22.547,3,233.0,513.0,373.0,True,
run_20260926_014514_754610,194,8,2026-09-26T01:45:22.547,4,214.5,531.5,373.0,True,
run_20260926_014514_754610,194,8,2026-09-26T01:45:22.547,5,195.5,550.5,373.0,True,
run_20260926_014514_754610,194,8,2026-09-26T01:45:22.547,6,176.07142857142858,569.5,372.7857142857143,True,
run_20260926_014514_754610,194,8,2026-09-26T01:45:22.547,7,157.5,588.0,372.75,True,
run_20260926_014514_754610,194,8,2026-09-26T01:45:22.547,8,138.5,607.0,372.75,True,
run_20260926_014514_754610,194,8,2026-09-26T01:45:22.547,9,119.5,625.5,372.5,True,
run_20260926_014514_754610,194,8,2026-09-26T01:45:22.547,10,100.5,644.0,372.25,True,
run_20260926_014514_754610,194,8,2026-09-26T01:45:22.547,11,81.5,662.5,372.0,True,
run_20260926_014514_754610,194,8,2026-09-26T01:45:22.547,12,63.5,681.0,372.25,True,
run_20260926_014514_754610,225,9,2026-09-26T01:45:23.568,0,289.5,456.57894736842104,373.0394736842105,True,
run_20260926_014514_754610,225,9,2026-09-26T01:45:23.568,1,271.0,475.0,373.0,True,
run_20260926_014514_754610,225,9,2026-09-26T01:45:23.568,2,252.0,494.0,373.0,True,
run_20260926_014514_754610,225,9,2026-09-26T01:45:23.568,3,233.0,513.0,373.0,True,
run_20260926_014514_754610,225,9,2026-09-26T01:45:23.568,4,214.5,531.5,373.0,True,
run_20260926_014514_754610,225,9,2026-09-26T01:45:23.568,5,195.5,550.5,373.0,True,
run_20260926_014514_754610,225,9,2026-09-26T01:45:23.568,6,176.0,569.5,372.75,True,
run_20260926_014514_754610,225,9,2026-09-26T01:45:23.568,7,157.5,588.0,372.75,True,
run_20260926_014514_754610,225,9,2026-09-26T01:45:23.568,8,138.5,607.0,372.75,True,
run_20260926_014514_754610,225,9,2026-09-26T01:45:23.568,9,119.5,625.5,372.5,True,
run_20260926_014514_754610,225,9,2026-09-26T01:45:23.568,10,100.5,644.0,372.25,True,
run_20260926_014514_754610,225,9,2026-09-26T01:45:23.568,11,81.63636363636364,662.5,372.0681818181818,True,
run_20260926_014514_754610,225,9,2026-09-26T01:45:23.568,12,63.5,681.0,372.25,True,
run_20260926_014514_754610,256,10,2026-09-26T01:45:24.601,0,289.5,456.5,373.0,True,
run_20260926_014514_754610,256,10,2026-09-26T01:45:24.601,1,271.0,475.0,373.0,True,
run_20260926_014514_754610,256,10,2026-09-26T01:45:24.601,2,252.0,494.0,373.0,True,
run_20260926_014514_754610,256,10,2026-09-26T01:45:24.601,3,233.0,513.0,373.0,True,
run_20260926_014514_754610,256,10,2026-09-26T01:45:24.601,4,214.5,531.5,373.0,True,
run_20260926_014514_754610,256,10,2026-09-26T01:45:24.601,5,195.5,550.5,373.0,True,
run_20260926_014514_754610,256,10,2026-09-26T01:45:24.601,6,176.0,569.5,372.75,True,
run_20260926_014514_754610,256,10,2026-09-26T01:45:24.601,7,157.5,588.0,372.75,True,
run_20260926_014514_754610,256,10,2026-09-26T01:45:24.601,8,138.5,607.0,372.75,True,
run_20260926_014514_754610,256,10,2026-09-26T01:45:24.601,9,119.5,625.5,372.5,True,
run_20260926_014514_754610,256,10,2026-09-26T01:45:24.601,10,100.5,644.0,372.25,True,
run_20260926_014514_754610,256,10,2026-09-26T01:45:24.601,11,81.63636363636364,662.5,372.0681818181818,True,
run_20260926_014514_754610,256,10,2026-09-26T01:45:24.601,12,63.5,681.0,372.25,True,
run_20260926_014514_754610,285,11,2026-09-26T01:45:25.605,0,289.5,456.5,373.0,True,
run_20260926_014514_754610,285,11,2026-09-26T01:45:25.605,1,271.0,475.0,373.0,True,
run_20260926_014514_754610,285,11,2026-09-26T01:45:25.605,2,252.0,494.0,373.0,True,
run_20260926_014514_754610,285,11,2026-09-26T01:45:25.605,3,233.0,513.0,373.0,True,
run_20260926_014514_754610,285,11,2026-09-26T01:45:25.605,4,214.5,531.5,373.0,True,
run_20260926_014514_754610,285,11,2026-09-26T01:45:25.605,5,195.5,550.5,373.0,True,
run_20260926_014514_754610,285,11,2026-09-26T01:45:25.605,6,176.0,569.5,372.75,True,
run_20260926_014514_754610,285,11,2026-09-26T01:45:25.605,7,157.5,588.0,372.75,True,
run_20260926_014514_754610,285,11,2026-09-26T01:45:25.605,8,138.5,607.0,372.75,True,
run_20260926_014514_754610,285,11,2026-09-26T01:45:25.605,9,119.5,625.5,372.5,True,
run_20260926_014514_754610,285,11,2026-09-26T01:45:25.605,10,100.5,644.0,372.25,True,
run_20260926_014514_754610,285,11,2026-09-26T01:45:25.605,11,81.5,662.5,372.0,True,
run_20260926_014514_754610,285,11,2026-09-26T01:45:25.605,12,63.5,681.0,372.25,True,
run_20260926_014514_754610,316,12,2026-09-26T01:45:26.622,0,289.5,456.42105263157896,372.9605263157895,True,
run_20260926_014514_754610,316,12,2026-09-26T01:45:26.622,1,271.0,475.0,373.0,True,
run_20260926_014514_754610,316,12,2026-09-26T01:45:26.622,2,252.0,494.0,373.0,True,
run_20260926_014514_754610,316,12,2026-09-26T01:45:26.622,3,233.0,513.0,373.0,True,
run_20260926_014514_754610,316,12,2026-09-26T01:45:26.622,4,214.5,531.5,373.0,True,
run_20260926_014514_754610,316,12,2026-09-26T01:45:26.622,5,195.5,550.5,373.0,True,
run_20260926_014514_754610,316,12,2026-09-26T01:45:26.622,6,176.0,569.5,372.75,True,
run_20260926_014514_754610,316,12,2026-09-26T01:45:26.622,7,157.07142857142858,588.0,372.5357142857143,True,
run_20260926_014514_754610,316,12,2026-09-26T01:45:26.622,8,138.5,607.0,372.75,True,
run_20260926_014514_754610,316,12,2026-09-26T01:45:26.622,9,119.5,625.5,372.5,True,
run_20260926_014514_754610,316,12,2026-09-26T01:45:26.622,10,100.5,644.0,372.25,True,
run_20260926_014514_754610,316,12,2026-09-26T01:45:26.622,11,81.5,662.5,372.0,True,
run_20260926_014514_754610,316,12,2026-09-26T01:45:26.622,12,63.5,681.0,372.25,True,
