run_id,frame_id,measurement_index,datetime,gap_id,region,inner_tick_id,outer_tick_id,gap_px,valid,invalid_reason
run_20260926_014514_754610,1,1,2026-09-26T01:45:15.275,1,left,0,1,18.571428571428555,True,
run_20260926_014514_754610,1,1,2026-09-26T01:45:15.275,2,left,1,2,18.928571428571445,True,
run_20260926_014514_754610,1,1,2026-09-26T01:45:15.275,3,left,2,3,19.0,True,
run_20260926_014514_754610,1,1,2026-09-26T01:45:15.275,4,left,3,4,19.0,True,
run_20260926_014514_754610,1,1,2026-09-26T01:45:15.275,5,left,4,5,18.5,True,
run_20260926_014514_754610,1,1,2026-09-26T01:45:15.275,6,left,5,6,19.5,True,
run_20260926_014514_754610,1,1,2026-09-26T01:45:15.275,7,left,6,7,18.5,True,
run_20260926_014514_754610,1,1,2026-09-26T01:45:15.275,8,left,7,8,19.0,True,
run_20260926_014514_754610,1,1,2026-09-26T01:45:15.275,9,left,8,9,19.0,True,
run_20260926_014514_754610,1,1,2026-09-26T01:45:15.275,10,left,9,10,19.0,True,
run_20260926_014514_754610,1,1,2026-09-26T01:45:15.275,11,left,10,11,19.0,True,
run_20260926_014514_754610,1,1,2026-09-26T01:45:15.275,12,left,11,12,18.0,True,
run_20260926_014514_754610,1,1,2026-09-26T01:45:15.275,1,right,0,1,18.42105263157896,True,
run_20260926_014514_754610,1,1,2026-09-26T01:45:15.275,2,right,1,2,19.0,True,
run_20260926_014514_754610,1,1,2026-09-26T01:45:15.275,3,right,2,3,19.0,True,
run_20260926_014514_754610,1,1,2026-09-26T01:45:15.275,4,right,3,4,18.5,True,
run_20260926_014514_754610,1,1,2026-09-26T01:45:15.275,5,right,4,5,19.0,True,
run_20260926_014514_754610,1,1,2026-09-26T01:45:15.275,6,right,5,6,19.0,True,
run_20260926_014514_754610,1,1,2026-09-26T01:45:15.275,7,right,6,7,18.5,True,
run_20260926_014514_754610,1,1,2026-09-26T01:45:15.275,8,right,7,8,19.0,True,
run_20260926_014514_754610,1,1,2026-09-26T01:45:15.275,9,right,8,9,18.5,True,
run_20260926_014514_754610,1,1,2026-09-26T01:45:15.275,10,right,9,10,18.5,True,
run_20260926_014514_754610,1,1,2026-09-26T01:45:15.275,11,right,10,11,18.5,True,
run_20260926_014514_754610,1,1,2026-09-26T01:45:15.275,12,right,11,12,18.5,True,
run_20260926_014514_754610,26,2,2026-09-26T01:45:16.301,1,left,0,1,18.5,True,
run_20260926_014514_754610,26,2,2026-09-26T01:45:16.301,2,left,1,2,19.0,True,
run_20260926_014514_754610,26,2,2026-09-26T01:45:16.301,3,left,2,3,19.0,True,
run_20260926_014514_754610,26,2,2026-09-26T01:45:16.301,4,left,3,4,18.5,True,
run_20260926_014514_754610,26,2,2026-09-26T01:45:16.301,5,left,4,5,19.0,True,
run_20260926_014514_754610,26,2,2026-09-26T01:45:16.301,6,left,5,6,19.5,True,
run_20260926_014514_754610,26,2,2026-09-26T01:45:16.301,7,left,6,7,18.5,True,
run_20260926_014514_754610,26,2,2026-09-26T01:45:16.301,8,left,7,8,19.0,True,
run_20260926_014514_754610,26,2,2026-09-26T01:45:16.301,9,left,8,9,19.0,True,
run_20260926_014514_754610,26,2,2026-09-26T01:45:16.301,10,left,9,10,19.0,True,
run_20260926_014514_754610,26,2,2026-09-26T01:45:16.301,11,left,10,11,18.86363636363636,True,
run_20260926_014514_754610,26,2,2026-09-26T01:45:16.301,12,left,11,12,18.13636363636364,True,
run_20260926_014514_754610,26,2,2026-09-26T01:45:16.301,1,right,0,1,18.333333333333314,True,
run_20260926_014514_754610,26,2,2026-09-26T01:45:16.301,2,right,1,2,19.0,True,
run_20260926_014514_754610,26,2,2026-09-26T01:45:16.301,3,right,2,3,19.0,True,
run_20260926_014514_754610,26,2,2026-09-26T01:45:16.301,4,right,3,4,18.5,True,
run_20260926_014514_754610,26,2,2026-09-26T01:45:16.301,5,right,4,5,19.0,True,
run_20260926_014514_754610,26,2,2026-09-26T01:45:16.301,6,right,5,6,19.0,True,
run_20260926_014514_754610,26,2,2026-09-26T01:45:16.301,7,right,6,7,18.5,True,
run_20260926_014514_754610,26,2,2026-09-26T01:45:16.301,8,right,7,8,19.0,True,
run_20260926_014514_754610,26,2,2026-09-26T01:45:16.301,9,right,8,9,18.57894736842104,True,
run_20260926_014514_754610,26,2,2026-09-26T01:45:16.301,10,right,9,10,18.42105263157896,True,
run_20260926_014514_754610,26,2,2026-09-26T01:45:16.301,11,right,10,11,18.5,True,
run_20260926_014514_754610,26,2,2026-09-26T01:45:16.301,12,right,11,12,18.5,True,
run_20260926_014514_754610,49,3,2026-09-26T01:45:17.354,1,left,0,1,18.5,True,
run_20260926_014514_754610,49,3,2026-09-26T01:45:17.354,2,left,1,2,19.0,True,
run_20260926_014514_754610,49,3,2026-09-26T01:45:17.354,3,left,2,3,19.0,True,
run_20260926_014514_754610,49,3,2026-09-26T01:45:17.354,4,left,3,4,18.5,True,
run_20260926_014514_754610,49,3,2026-09-26T01:45:17.354,5,left,4,5,19.0,True,
run_20260926_014514_754610,49,3,2026-09-26T01:45:17.354,6,left,5,6,19.5,True,
run_20260926_014514_754610,49,3,2026-09-26T01:45:17.354,7,left,6,7,18.5,True,
run_20260926_014514_754610,49,3,2026-09-26T01:45:17.354,8,left,7,8,19.0,True,
run_20260926_014514_754610,49,3,2026-09-26T01:45:17.354,9,left,8,9,19.0,True,
run_20260926_014514_754610,49,3,2026-09-26T01:45:17.354,10,left,9,10,19.0,True,
run_20260926_014514_754610,49,3,2026-09-26T01:45:17.354,11,left,10,11,18.86363636363636,True,
run_20260926_014514_754610,49,3,2026-09-26T01:45:17.354,12,left,11,12,18.13636363636364,True,
run_20260926_014514_754610,49,3,2026-09-26T01:45:17.354,1,right,0,1,18.42105263157896,True,
run_20260926_014514_754610,49,3,2026-09-26T01:45:17.354,2,right,1,2,19.0,True,
run_20260926_014514_754610,49,3,2026-09-26T01:45:17.354,3,right,2,3,19.0,True,
run_20260926_014514_754610,49,3,2026-09-26T01:45:17.354,4,right,3,4,18.5,True,
run_20260926_014514_754610,49,3,2026-09-26T01:45:17.354,5,right,4,5,19.0,True,
run_20260926_014514_754610,49,3,2026-09-26T01:45:17.354,6,right,5,6,19.0,True,
run_20260926_014514_754610,49,3,2026-09-26T01:45:17.354,7,right,6,7,18.5,True,
run_20260926_014514_754610,49,3,2026-09-26T01:45:17.354,8,right,7,8,19.0,True,
run_20260926_014514_754610,49,3,2026-09-26T01:45:17.354,9,right,8,9,18.5,True,
run_20260926_014514_754610,49,3,2026-09-26T01:45:17.354,10,right,9,10,18.5,True,
run_20260926_014514_754610,49,3,2026-09-26T01:45:17.354,11,right,10,11,18.5,True,
run_20260926_014514_754610,49,3,2026-09-26T01:45:17.354,12,right,11,12,18.5,True,
run_20260926_014514_754610,76,4,2026-09-26T01:45:18.414,1,left,0,1,18.5,True,
run_20260926_014514_754610,76,4,2026-09-26T01:45:18.414,2,left,1,2,19.0,True,
run_20260926_014514_754610,76,4,2026-09-26T01:45:18.414,3,left,2,3,19.0,True,
run_20260926_014514_754610,76,4,2026-09-26T01:45:18.414,4,left,3,4,18.5,True,
run_20260926_014514_754610,76,4,2026-09-26T01:45:18.414,5,left,4,5,19.0,True,
run_20260926_014514_754610,76,4,2026-09-26T01:45:18.414,6,left,5,6,19.25,True,
run_20260926_014514_754610,76,4,2026-09-26T01:45:18.414,7,left,6,7,18.75,True,
run_20260926_014514_754610,76,4,2026-09-26T01:45:18.414,8,left,7,8,19.0,True,
run_20260926_014514_754610,76,4,2026-09-26T01:45:18.414,9,left,8,9,19.0,True,
run_20260926_014514_754610,76,4,2026-09-26T01:45:18.414,10,left,9,10,19.0,True,
run_20260926_014514_754610,76,4,2026-09-26T01:45:18.414,11,left,10,11,19.0,True,
run_20260926_014514_754610,76,4,2026-09-26T01:45:18.414,12,left,11,12,18.0,True,
run_20260926_014514_754610,76,4,2026-09-26T01:45:18.414,1,right,0,1,18.42105263157896,True,
run_20260926_014514_754610,76,4,2026-09-26T01:45:18.414,2,right,1,2,19.0,True,
run_20260926_014514_754610,76,4,2026-09-26T01:45:18.414,3,right,2,3,19.0,True,
run_20260926_014514_754610,76,4,2026-09-26T01:45:18.414,4,right,3,4,18.5,True,
run_20260926_014514_754610,76,4,2026-09-26T01:45:18.414,5,right,4,5,19.0,True,
run_20260926_014514_754610,76,4,2026-09-26T01:45:18.414,6,right,5,6,19.0,True,
run_20260926_014514_754610,76,4,2026-09-26T01:45:18.414,7,right,6,7,18.5,True,
run_20260926_014514_754610,76,4,2026-09-26T01:45:18.414,8,right,7,8,19.0,True,
run_20260926_014514_754610,76,4,2026-09-26T01:45:18.414,9,right,8,9,18.5,True,
run_20260926_014514_754610,76,4,2026-09-26T01:45:18.414,10,right,9,10,18.5,True,
run_20260926_014514_754610,76,4,2026-09-26T01:45:18.414,11,right,10,11,18.5,True,
run_20260926_014514_754610,76,4,2026-09-26T01:45:18.414,12,right,11,12,18.5,True,
run_20260926_014514_754610,103,5,2026-09-26T01:45:19.481,1,left,0,1,18.5,True,
run_20260926_014514_754610,103,5,2026-09-26T01:45:19.481,2,left,1,2,19.0,True,
run_20260926_014514_754610,103,5,2026-09-26T01:45:19.481,3,left,2,3,19.0,True,
run_20260926_014514_754610,103,5,2026-09-26T01:45:19.481,4,left,3,4,18.5,True,
run_20260926_014514_754610,103,5,2026-09-26T01:45:19.481,5,left,4,5,19.0,True,
run_20260926_014514_754610,103,5,2026-09-26T01:45:19.481,6,left,5,6,19.428571428571416,True,
run_20260926_014514_754610,103,5,2026-09-26T01:45:19.481,7,left,6,7,18.571428571428584,True,
run_20260926_014514_754610,103,5,2026-09-26T01:45:19.481,8,left,7,8,19.0,True,
run_20260926_014514_754610,103,5,2026-09-26T01:45:19.481,9,left,8,9,19.0,True,
run_20260926_014514_754610,103,5,2026-09-26T01:45:19.481,10,left,9,10,19.0,True,
run_20260926_014514_754610,103,5,2026-09-26T01:45:19.481,11,left,10,11,18.86363636363636,True,
run_20260926_014514_754610,103,5,2026-09-26T01:45:19.481,12,left,11,12,18.13636363636364,True,
run_20260926_014514_754610,103,5,2026-09-26T01:45:19.481,1,right,0,1,18.333333333333314,True,
run_20260926_014514_754610,103,5,2026-09-26T01:45:19.481,2,right,1,2,19.0,True,
run_20260926_014514_754610,103,5,2026-09-26T01:45:19.481,3,right,2,3,19.0,True,
run_20260926_014514_754610,103,5,2026-09-26T01:45:19.481,4,right,3,4,18.5,True,
run_20260926_014514_754610,103,5,2026-09-26T01:45:19.481,5,right,4,5,19.0,True,
run_20260926_014514_754610,103,5,2026-09-26T01:45:19.481,6,right,5,6,19.0,True,
run_20260926_014514_754610,103,5,2026-09-26T01:45:19.481,7,right,6,7,18.5,True,
run_20260926_014514_754610,103,5,2026-09-26T01:45:19.481,8,right,7,8,19.0,True,
run_20260926_014514_754610,103,5,2026-09-26T01:45:19.481,9,right,8,9,18.5,True,
run_20260926_014514_754610,103,5,2026-09-26T01:45:19.481,10,right,9,10,18.5,True,
run_20260926_014514_754610,103,5,2026-09-26T01:45:19.481,11,right,10,11,18.5,True,
run_20260926_014514_754610,103,5,2026-09-26T01:45:19.481,12,right,11,12,18.5,True,
run_20260926_014514_754610,133,6,2026-09-26T01:45:20.502,1,left,0,1,18.5,True,
run_20260926_014514_754610,133,6,2026-09-26T01:45:20.502,2,left,1,2,19.0,True,
run_20260926_014514_754610,133,6,2026-09-26T01:45:20.502,3,left,2,3,19.0,True,
run_20260926_014514_754610,133,6,2026-09-26T01:45:20.502,4,left,3,4,18.5,True,
run_20260926_014514_754610,133,6,2026-09-26T01:45:20.502,5,left,4,5,19.0,True,
run_20260926_014514_754610,133,6,2026-09-26T01:45:20.502,6,left,5,6,19.5,True,
run_20260926_014514_754610,133,6,2026-09-26T01:45:20.502,7,left,6,7,18.5,True,
run_20260926_014514_754610,133,6,2026-09-26T01:45:20.502,8,left,7,8,19.0,True,
run_20260926_014514_754610,133,6,2026-09-26T01:45:20.502,9,left,8,9,19.0,True,
run_20260926_014514_754610,133,6,2026-09-26T01:45:20.502,10,left,9,10,19.0,True,
run_20260926_014514_754610,133,6,2026-09-26T01:45:20.502,11,left,10,11,19.0,True,
run_20260926_014514_754610,133,6,2026-09-26T01:45:20.502,12,left,11,12,18.0,True,
run_20260926_014514_754610,133,6,2026-09-26T01:45:20.502,1,right,0,1,18.333333333333314,True,
run_20260926_014514_754610,133,6,2026-09-26T01:45:20.502,2,right,1,2,19.0,True,
run_20260926_014514_754610,133,6,2026-09-26T01:45:20.502,3,right,2,3,19.0,True,
run_20260926_014514_754610,133,6,2026-09-26T01:45:20.502,4,right,3,4,18.5,True,
run_20260926_014514_754610,133,6,2026-09-26T01:45:20.502,5,right,4,5,19.0,True,
run_20260926_014514_754610,133,6,2026-09-26T01:45:20.502,6,right,5,6,19.0,True,
run_20260926_014514_754610,133,6,2026-09-26T01:45:20.502,7,right,6,7,18.5,True,
run_20260926_014514_754610,133,6,2026-09-26T01:45:20.502,8,right,7,8,19.0,True,
run_20260926_014514_754610,133,6,2026-09-26T01:45:20.502,9,right,8,9,18.5,True,
run_20260926_014514_754610,133,6,2026-09-26T01:45:20.502,10,right,9,10,18.5,True,
run_20260926_014514_754610,133,6,2026-09-26T01:45:20.502,11,right,10,11,18.5,True,
run_20260926_014514_754610,133,6,2026-09-26T01:45:20.502,12,right,11,12,18.5,True,
run_20260926_014514_754610,164,7,2026-09-26T01:45:21.536,1,left,0,1,18.5,True,
run_20260926_014514_754610,164,7,2026-09-26T01:45:21.536,2,left,1,2,19.0,True,
run_20260926_014514_754610,164,7,2026-09-26T01:45:21.536,3,left,2,3,19.0,True,
run_20260926_014514_754610,164,7,2026-09-26T01:45:21.536,4,left,3,4,18.5,True,
run_20260926_014514_754610,164,7,2026-09-26T01:45:21.536,5,left,4,5,19.0,True,
run_20260926_014514_754610,164,7,2026-09-26T01:45:21.536,6,left,5,6,19.5,True,
run_20260926_014514_754610,164,7,2026-09-26T01:45:21.536,7,left,6,7,18.5,True,
run_20260926_014514_754610,164,7,2026-09-26T01:45:21.536,8,left,7,8,19.0,True,
run_20260926_014514_754610,164,7,2026-09-26T01:45:21.536,9,left,8,9,19.0,True,
run_20260926_014514_754610,164,7,2026-09-26T01:45:21.536,10,left,9,10,19.0,True,
run_20260926_014514_754610,164,7,2026-09-26T01:45:21.536,11,left,10,11,18.86363636363636,True,
run_20260926_014514_754610,164,7,2026-09-26T01:45:21.536,12,left,11,12,18.13636363636364,True,
run_20260926_014514_754610,164,7,2026-09-26T01:45:21.536,1,right,0,1,18.333333333333314,True,
run_20260926_014514_754610,164,7,2026-09-26T01:45:21.536,2,right,1,2,19.0,True,
run_20260926_014514_754610,164,7,2026-09-26T01:45:21.536,3,right,2,3,19.0,True,
run_20260926_014514_754610,164,7,2026-09-26T01:45:21.536,4,right,3,4,18.5,True,
run_20260926_014514_754610,164,7,2026-09-26T01:45:21.536,5,right,4,5,19.0,True,
run_20260926_014514_754610,164,7,2026-09-26T01:45:21.536,6,right,5,6,19.0,True,
run_20260926_014514_754610,164,7,2026-09-26T01:45:21.536,7,right,6,7,18.5,True,
run_20260926_014514_754610,164,7,2026-09-26T01:45:21.536,8,right,7,8,19.0,True,
run_20260926_014514_754610,164,7,2026-09-26T01:45:21.536,9,right,8,9,18.5,True,
run_20260926_014514_754610,164,7,2026-09-26T01:45:21.536,10,right,9,10,18.5,True,
run_20260926_014514_754610,164,7,2026-09-26T01:45:21.536,11,right,10,11,18.5,True,
run_20260926_014514_754610,164,7,2026-09-26T01:45:21.536,12,right,11,12,18.5,True,
run_20260926_014514_754610,194,8,2026-09-26T01:45:22.547,1,left,0,1,18.5,True,
run_20260926_014514_754610,194,8,2026-09-26T01:45:22.547,2,left,1,2,19.0,True,
run_20260926_014514_754610,194,8,2026-09-26T01:45:22.547,3,left,2,3,19.0,True,
run_20260926_014514_754610,194,8,2026-09-26T01:45:22.547,4,left,3,4,18.5,True,
run_20260926_014514_754610,194,8,2026-09-26T01:45:22.547,5,left,4,5,19.0,True,
run_20260926_014514_754610,194,8,2026-09-26T01:45:22.547,6,left,5,6,19.428571428571416,True,
run_20260926_014514_754610,194,8,2026-09-26T01:45:22.547,7,left,6,7,18.571428571428584,True,
run_20260926_014514_754610,194,8,2026-09-26T01:45:22.547,8,left,7,8,19.0,True,
run_20260926_014514_754610,194,8,2026-09-26T01:45:22.547,9,left,8,9,19.0,True,
run_20260926_014514_754610,194,8,2026-09-26T01:45:22.547,10,left,9,10,19.0,True,
run_20260926_014514_754610,194,8,2026-09-26T01:45:22.547,11,left,10,11,19.0,True,
run_20260926_014514_754610,194,8,2026-09-26T01:45:22.547,12,left,11,12,18.0,True,
run_20260926_014514_754610,194,8,2026-09-26T01:45:22.547,1,right,0,1,18.42105263157896,True,
run_20260926_014514_754610,194,8,2026-09-26T01:45:22.547,2,right,1,2,19.0,True,
run_20260926_014514_754610,194,8,2026-09-26T01:45:22.547,3,right,2,3,19.0,True,
run_20260926_014514_754610,194,8,2026-09-26T01:45:22.547,4,right,3,4,18.5,True,
run_20260926_014514_754610,194,8,2026-09-26T01:45:22.547,5,right,4,5,19.0,True,
run_20260926_014514_754610,194,8,2026-09-26T01:45:22.547,6,right,5,6,19.0,True,
run_20260926_014514_754610,194,8,2026-09-26T01:45:22.547,7,right,6,7,18.5,True,
run_20260926_014514_754610,194,8,2026-09-26T01:45:22.547,8,right,7,8,19.0,True,
run_20260926_014514_754610,194,8,2026-09-26T01:45:22.547,9,right,8,9,18.5,True,
run_20260926_014514_754610,194,8,2026-09-26T01:45:22.547,10,right,9,10,18.5,True,
run_20260926_014514_754610,194,8,2026-09-26T01:45:22.547,11,right,10,11,18.5,True,
run_20260926_014514_754610,194,8,2026-09-26T01:45:22.547,12,right,11,12,18.5,True,
run_20260926_014514_754610,225,9,2026-09-26T01:45:23.568,1,left,0,1,18.5,True,
run_20260926_014514_754610,225,9,2026-09-26T01:45:23.568,2,left,1,2,19.0,True,
run_20260926_014514_754610,225,9,2026-09-26T01:45:23.568,3,left,2,3,19.0,True,
run_20260926_014514_754610,225,9,2026-09-26T01:45:23.568,4,left,3,4,18.5,True,
run_20260926_014514_754610,225,9,2026-09-26T01:45:23.568,5,left,4,5,19.0,True,
run_20260926_014514_754610,225,9,2026-09-26T01:45:23.568,6,left,5,6,19.5,True,
run_20260926_014514_754610,225,9,2026-09-26T01:45:23.568,7,left,6,7,18.5,True,
run_20260926_014514_754610,225,9,2026-09-26T01:45:23.568,8,left,7,8,19.0,True,
run_20260926_014514_754610,225,9,2026-09-26T01:45:23.568,9,left,8,9,19.0,True,
run_20260926_014514_754610,225,9,2026-09-26T01:45:23.568,10,left,9,10,19.0,True,
run_20260926_014514_754610,225,9,2026-09-26T01:45:23.568,11,left,10,11,18.86363636363636,True,
run_20260926_014514_754610,225,9,2026-09-26T01:45:23.568,12,left,11,12,18.13636363636364,True,
run_20260926_014514_754610,225,9,2026-09-26T01:45:23.568,1,right,0,1,18.42105263157896,True,
run_20260926_014514_754610,225,9,2026-09-26T01:45:23.568,2,right,1,2,19.0,True,
run_20260926_014514_754610,225,9,2026-09-26T01:45:23.568,3,right,2,3,19.0,True,
run_20260926_014514_754610,225,9,2026-09-26T01:45:23.568,4,right,3,4,18.5,True,
run_20260926_014514_754610,225,9,2026-09-26T01:45:23.568,5,right,4,5,19.0,True,
run_20260926_014514_754610,225,9,2026-09-26T01:45:23.568,6,right,5,6,19.0,True,
run_20260926_014514_754610,225,9,2026-09-26T01:45:23.568,7,right,6,7,18.5,True,
run_20260926_014514_754610,225,9,2026-09-26T01:45:23.568,8,right,7,8,19.0,True,
run_20260926_014514_754610,225,9,2026-09-26T01:45:23.568,9,right,8,9,18.5,True,
run_20260926_014514_754610,225,9,2026-09-26T01:45:23.568,10,right,9,10,18.5,True,
run_20260926_014514_754610,225,9,2026-09-26T01:45:23.568,11,right,10,11,18.5,True,
run_20260926_014514_754610,225,9,2026-09-26T01:45:23.568,12,right,11,12,18.5,True,
run_20260926_014514_754610,256,10,2026-09-26T01:45:24.601,1,left,0,1,18.5,True,
run_20260926_014514_754610,256,10,2026-09-26T01:45:24.601,2,left,1,2,19.0,True,
run_20260926_014514_754610,256,10,2026-09-26T01:45:24.601,3,left,2,3,19.0,True,
run_20260926_014514_754610,256,10,2026-09-26T01:45:24.601,4,left,3,4,18.5,True,
run_20260926_014514_754610,256,10,2026-09-26T01:45:24.601,5,left,4,5,19.0,True,
run_20260926_014514_754610,256,10,2026-09-26T01:45:24.601,6,left,5,6,19.5,True,
run_20260926_014514_754610,256,10,2026-09-26T01:45:24.601,7,left,6,7,18.5,True,
run_20260926_014514_754610,256,10,2026-09-26T01:45:24.601,8,left,7,8,19.0,True,
run_20260926_014514_754610,256,10,2026-09-26T01:45:24.601,9,left,8,9,19.0,True,
run_20260926_014514_754610,256,10,2026-09-26T01:45:24.601,10,left,9,10,19.0,True,
run_20260926_014514_754610,256,10,2026-09-26T01:45:24.601,11,left,10,11,18.86363636363636,True,
run_20260926_014514_754610,256,10,2026-09-26T01:45:24.601,12,left,11,12,18.13636363636364,True,
run_20260926_014514_754610,256,10,2026-09-26T01:45:24.601,1,right,0,1,18.5,True,
run_20260926_014514_754610,256,10,2026-09-26T01:45:24.601,2,right,1,2,19.0,True,
run_20260926_014514_754610,256,10,2026-09-26T01:45:24.601,3,right,2,3,19.0,True,
run_20260926_014514_754610,256,10,2026-09-26T01:45:24.601,4,right,3,4,18.5,True,
run_20260926_014514_754610,256,10,2026-09-26T01:45:24.601,5,right,4,5,19.0,True,
run_20260926_014514_754610,256,10,2026-09-26T01:45:24.601,6,right,5,6,19.0,True,
run_20260926_014514_754610,256,10,2026-09-26T01:45:24.601,7,right,6,7,18.5,True,
run_20260926_014514_754610,256,10,2026-09-26T01:45:24.601,8,right,7,8,19.0,True,
run_20260926_014514_754610,256,10,2026-09-26T01:45:24.601,9,right,8,9,18.5,True,
run_20260926_014514_754610,256,10,2026-09-26T01:45:24.601,10,right,9,10,18.5,True,
run_20260926_014514_754610,256,10,2026-09-26T01:45:24.601,11,right,10,11,18.5,True,
run_20260926_014514_754610,256,10,2026-09-26T01:45:24.601,12,right,11,12,18.5,True,
run_20260926_014514_754610,285,11,2026-09-26T01:45:25.605,1,left,0,1,18.5,True,
run_20260926_014514_754610,285,11,2026-09-26T01:45:25.605,2,left,1,2,19.0,True,
run_20260926_014514_754610,285,11,2026-09-26T01:45:25.605,3,left,2,3,19.0,True,
run_20260926_014514_754610,285,11,2026-09-26T01:45:25.605,4,left,3,4,18.5,True,
run_20260926_014514_754610,285,11,2026-09-26T01:45:25.605,5,left,4,5,19.0,True,
run_20260926_014514_754610,285,11,2026-09-26T01:45:25.605,6,left,5,6,19.5,True,
run_20260926_014514_754610,285,11,2026-09-26T01:45:25.605,7,left,6,7,18.5,True,
run_20260926_014514_754610,285,11,2026-09-26T01:45:25.605,8,left,7,8,19.0,True,
run_20260926_014514_754610,285,11,2026-09-26T01:45:25.605,9,left,8,9,19.0,True,
run_20260926_014514_754610,285,11,2026-09-26T01:45:25.605,10,left,9,10,19.0,True,
run_20260926_014514_754610,285,11,2026-09-26T01:45:25.605,11,left,10,11,19.0,True,
run_20260926_014514_754610,285,11,2026-09-26T01:45:25.605,12,left,11,12,18.0,True,
run_20260926_014514_754610,285,11,2026-09-26T01:45:25.605,1,right,0,1,18.5,True,
run_20260926_014514_754610,285,11,2026-09-26T01:45:25.605,2,right,1,2,19.0,True,
run_20260926_014514_754610,285,11,2026-09-26T01:45:25.605,3,right,2,3,19.0,True,
run_20260926_014514_754610,285,11,2026-09-26T01:45:25.605,4,right,3,4,18.5,True,
run_20260926_014514_754610,285,11,2026-09-26T01:45:25.605,5,right,4,5,19.0,True,
run_20260926_014514_754610,285,11,2026-09-26T01:45:25.605,6,right,5,6,19.0,True,
run_20260926_014514_754610,285,11,2026-09-26T01:45:25.605,7,right,6,7,18.5,True,
run_20260926_014514_754610,285,11,2026-09-26T01:45:25.605,8,right,7,8,19.0,True,
run_20260926_014514_754610,285,11,2026-09-26T01:45:25.605,9,right,8,9,18.5,True,
run_20260926_014514_754610,285,11,2026-09-26T01:45:25.605,10,right,9,10,18.5,True,
run_20260926_014514_754610,285,11,2026-09-26T01:45:25.605,11,right,10,11,18.5,True,
run_20260926_014514_754610,285,11,2026-09-26T01:45:25.605,12,right,11,12,18.5,True,
run_20260926_014514_754610,316,12,2026-09-26T01:45:26.622,1,left,0,1,18.5,True,
run_20260926_014514_754610,316,12,2026-09-26T01:45:26.622,2,left,1,2,19.0,True,
run_20260926_014514_754610,316,12,2026-09-26T01:45:26.622,3,left,2,3,19.0,True,
run_20260926_014514_754610,316,12,2026-09-26T01:45:26.622,4,left,3,4,18.5,True,
run_20260926_014514_754610,316,12,2026-09-26T01:45:26.622,5,left,4,5,19.0,True,
run_20260926_014514_754610,316,12,2026-09-26T01:45:26.622,6,left,5,6,19.5,True,
run_20260926_014514_754610,316,12,2026-09-26T01:45:26.622,7,left,6,7,18.928571428571416,True,
run_20260926_014514_754610,316,12,2026-09-26T01:45:26.622,8,left,7,8,18.571428571428584,True,
run_20260926_014514_754610,316,12,2026-09-26T01:45:26.622,9,left,8,9,19.0,True,
run_20260926_014514_754610,316,12,2026-09-26T01:45:26.622,10,left,9,10,19.0,True,
run_20260926_014514_754610,316,12,2026-09-26T01:45:26.622,11,left,10,11,19.0,True,
run_20260926_014514_754610,316,12,2026-09-26T01:45:26.622,12,left,11,12,18.0,True,
run_20260926_014514_754610,316,12,2026-09-26T01:45:26.622,1,right,0,1,18.57894736842104,True,
run_20260926_014514_754610,316,12,2026-09-26T01:45:26.622,2,right,1,2,19.0,True,
run_20260926_014514_754610,316,12,2026-09-26T01:45:26.622,3,right,2,3,19.0,True,
run_20260926_014514_754610,316,12,2026-09-26T01:45:26.622,4,right,3,4,18.5,True,
run_20260926_014514_754610,316,12,2026-09-26T01:45:26.622,5,right,4,5,19.0,True,
run_20260926_014514_754610,316,12,2026-09-26T01:45:26.622,6,right,5,6,19.0,True,
run_20260926_014514_754610,316,12,2026-09-26T01:45:26.622,7,right,6,7,18.5,True,
run_20260926_014514_754610,316,12,2026-09-26T01:45:26.622,8,right,7,8,19.0,True,
run_20260926_014514_754610,316,12,2026-09-26T01:45:26.622,9,right,8,9,18.5,True,
run_20260926_014514_754610,316,12,2026-09-26T01:45:26.622,10,right,9,10,18.5,True,
run_20260926_014514_754610,316,12,2026-09-26T01:45:26.622,11,right,10,11,18.5,True,
run_20260926_014514_754610,316,12,2026-09-26T01:45:26.622,12,right,11,12,18.5,True,
