run_id,frame_id,measurement_index,datetime,tick_id,region,x_at_axis,x_full_centroid,pair_center_x,x_start,x_end,width,vertical_score,total_dark_pixels,is_long,selected_reference,valid,invalid_reason
run_20260926_014514_754610,1,1,2026-09-26T01:45:15.275,12,left,63.5,63.5125,372.25,63,64,2,41,80,False,False,True,
run_20260926_014514_754610,1,1,2026-09-26T01:45:15.275,11,left,81.5,82.54330708661418,372.0,81,84,4,44,127,False,False,True,
run_20260926_014514_754610,1,1,2026-09-26T01:45:15.275,10,left,100.5,100.62121212121212,372.25,100,101,2,41,66,False,False,True,
run_20260926_014514_754610,1,1,2026-09-26T01:45:15.275,9,left,119.5,119.50769230769231,372.5,119,120,2,33,65,False,False,True,
run_20260926_014514_754610,1,1,2026-09-26T01:45:15.275,8,left,138.5,138.5,372.75,138,139,2,39,78,False,False,True,
run_20260926_014514_754610,1,1,2026-09-26T01:45:15.275,7,left,157.5,157.5,372.75,157,158,2,39,78,False,False,True,
run_20260926_014514_754610,1,1,2026-09-26T01:45:15.275,6,left,176.0,176.8134715025907,372.75,175,179,5,67,193,True,False,True,
run_20260926_014514_754610,1,1,2026-09-26T01:45:15.275,5,left,195.5,195.5064935064935,373.0,195,196,2,39,77,False,False,True,
run_20260926_014514_754610,1,1,2026-09-26T01:45:15.275,4,left,214.0,214.17391304347825,372.75,213,215,3,38,92,False,False,True,
run_20260926_014514_754610,1,1,2026-09-26T01:45:15.275,3,left,233.0,233.19387755102042,373.0,232,234,3,39,98,False,False,True,
run_20260926_014514_754610,1,1,2026-09-26T01:45:15.275,2,left,252.0,252.1443298969072,373.0,251,253,3,39,97,False,False,True,
run_20260926_014514_754610,1,1,2026-09-26T01:45:15.275,1,left,270.92857142857144,271.02666666666664,372.9642857142857,270,272,3,62,150,True,True,True,
run_20260926_014514_754610,1,1,2026-09-26T01:45:15.275,0,left,289.5,289.50632911392404,373.0394736842105,289,290,2,40,79,False,False,True,
run_20260926_014514_754610,1,1,2026-09-26T01:45:15.275,0,right,456.57894736842104,456.4732142857143,373.0394736842105,455,458,4,39,112,False,False,True,
run_20260926_014514_754610,1,1,2026-09-26T01:45:15.275,1,right,475.0,474.8354430379747,372.9642857142857,474,476,3,62,158,True,True,True,
run_20260926_014514_754610,1,1,2026-09-26T01:45:15.275,2,right,494.0,493.84615384615387,373.0,493,495,3,40,104,False,False,True,
run_20260926_014514_754610,1,1,2026-09-26T01:45:15.275,3,right,513.0,512.8217821782179,373.0,512,514,3,40,101,False,False,True,
run_20260926_014514_754610,1,1,2026-09-26T01:45:15.275,4,right,531.5,531.4715447154472,372.75,530,533,4,40,123,False,False,True,
run_20260926_014514_754610,1,1,2026-09-26T01:45:15.275,5,right,550.5,550.376,373.0,549,552,4,39,125,False,False,True,
run_20260926_014514_754610,1,1,2026-09-26T01:45:15.275,6,right,569.5,568.6303317535545,372.75,566,571,6,69,211,True,False,True,
run_20260926_014514_754610,1,1,2026-09-26T01:45:15.275,7,right,588.0,587.8529411764706,372.75,587,589,3,39,102,False,False,True,
run_20260926_014514_754610,1,1,2026-09-26T01:45:15.275,8,right,607.0,606.8105263157895,372.75,606,608,3,39,95,False,False,True,
run_20260926_014514_754610,1,1,2026-09-26T01:45:15.275,9,right,625.5,625.394495412844,372.5,624,627,4,35,109,False,False,True,
run_20260926_014514_754610,1,1,2026-09-26T01:45:15.275,10,right,644.0,643.88,372.25,643,645,3,40,100,False,False,True,
run_20260926_014514_754610,1,1,2026-09-26T01:45:15.275,11,right,662.5,661.8524590163935,372.0,660,663,4,46,122,False,False,True,
run_20260926_014514_754610,1,1,2026-09-26T01:45:15.275,12,right,681.0,680.8041237113403,372.25,680,682,3,39,97,False,False,True,
run_20260926_014514_754610,26,2,2026-09-26T01:45:16.301,12,left,63.5,63.5125,372.25,63,64,2,41,80,False,False,True,
run_20260926_014514_754610,26,2,2026-09-26T01:45:16.301,11,left,81.63636363636364,82.546875,372.0681818181818,81,84,4,44,128,False,False,True,
run_20260926_014514_754610,26,2,2026-09-26T01:45:16.301,10,left,100.5,100.62121212121212,372.25,100,101,2,41,66,False,False,True,
run_20260926_014514_754610,26,2,2026-09-26T01:45:16.301,9,left,119.5,119.54098360655738,372.5394736842105,119,120,2,33,61,False,False,True,
run_20260926_014514_754610,26,2,2026-09-26T01:45:16.301,8,left,138.5,138.5,372.75,138,139,2,39,78,False,False,True,
run_20260926_014514_754610,26,2,2026-09-26T01:45:16.301,7,left,157.5,157.5,372.75,157,158,2,39,78,False,False,True,
run_20260926_014514_754610,26,2,2026-09-26T01:45:16.301,6,left,176.0,176.82105263157894,372.75,175,179,5,67,190,True,False,True,
run_20260926_014514_754610,26,2,2026-09-26T01:45:16.301,5,left,195.5,195.5064935064935,373.0,195,196,2,39,77,False,False,True,
run_20260926_014514_754610,26,2,2026-09-26T01:45:16.301,4,left,214.5,214.4794520547945,373.0,214,215,2,38,73,False,False,True,
run_20260926_014514_754610,26,2,2026-09-26T01:45:16.301,3,left,233.0,233.20618556701032,373.0,232,234,3,39,97,False,False,True,
run_20260926_014514_754610,26,2,2026-09-26T01:45:16.301,2,left,252.0,252.1443298969072,373.0,251,253,3,39,97,False,False,True,
run_20260926_014514_754610,26,2,2026-09-26T01:45:16.301,1,left,271.0,271.0263157894737,373.0,270,272,3,62,152,True,True,True,
run_20260926_014514_754610,26,2,2026-09-26T01:45:16.301,0,left,289.5,289.50632911392404,373.08333333333337,289,290,2,40,79,False,False,True,
run_20260926_014514_754610,26,2,2026-09-26T01:45:16.301,0,right,456.6666666666667,456.4864864864865,373.08333333333337,455,458,4,39,111,False,False,True,
run_20260926_014514_754610,26,2,2026-09-26T01:45:16.301,1,right,475.0,474.8354430379747,373.0,474,476,3,62,158,True,True,True,
run_20260926_014514_754610,26,2,2026-09-26T01:45:16.301,2,right,494.0,493.84615384615387,373.0,493,495,3,40,104,False,False,True,
run_20260926_014514_754610,26,2,2026-09-26T01:45:16.301,3,right,513.0,512.8217821782179,373.0,512,514,3,40,101,False,False,True,
run_20260926_014514_754610,26,2,2026-09-26T01:45:16.301,4,right,531.5,531.4715447154472,373.0,530,533,4,40,123,False,False,True,
run_20260926_014514_754610,26,2,2026-09-26T01:45:16.301,5,right,550.5,550.3709677419355,373.0,549,552,4,40,124,False,False,True,
run_20260926_014514_754610,26,2,2026-09-26T01:45:16.301,6,right,569.5,568.6285714285714,372.75,566,571,6,69,210,True,False,True,
run_20260926_014514_754610,26,2,2026-09-26T01:45:16.301,7,right,588.0,587.8415841584158,372.75,587,589,3,39,101,False,False,True,
run_20260926_014514_754610,26,2,2026-09-26T01:45:16.301,8,right,607.0,606.8105263157895,372.75,606,608,3,39,95,False,False,True,
run_20260926_014514_754610,26,2,2026-09-26T01:45:16.301,9,right,625.578947368421,625.425925925926,372.5394736842105,624,627,4,35,108,False,False,True,
run_20260926_014514_754610,26,2,2026-09-26T01:45:16.301,10,right,644.0,643.88,372.25,643,645,3,40,100,False,False,True,
run_20260926_014514_754610,26,2,2026-09-26T01:45:16.301,11,right,662.5,661.8306451612904,372.0681818181818,660,663,4,46,124,False,False,True,
run_20260926_014514_754610,26,2,2026-09-26T01:45:16.301,12,right,681.0,680.8041237113403,372.25,680,682,3,39,97,False,False,True,
run_20260926_014514_754610,49,3,2026-09-26T01:45:17.354,12,left,63.5,63.5125,372.25,63,64,2,41,80,False,False,True,
run_20260926_014514_754610,49,3,2026-09-26T01:45:17.354,11,left,81.63636363636364,82.54330708661418,372.0681818181818,81,84,4,44,127,False,False,True,
run_20260926_014514_754610,49,3,2026-09-26T01:45:17.354,10,left,100.5,100.62121212121212,372.25,100,101,2,41,66,False,False,True,
run_20260926_014514_754610,49,3,2026-09-26T01:45:17.354,9,left,119.5,119.58208955223881,372.5,119,120,2,39,67,False,False,True,
run_20260926_014514_754610,49,3,2026-09-26T01:45:17.354,8,left,138.5,138.5,372.75,138,139,2,39,78,False,False,True,
run_20260926_014514_754610,49,3,2026-09-26T01:45:17.354,7,left,157.5,157.5,372.75,157,158,2,39,78,False,False,True,
run_20260926_014514_754610,49,3,2026-09-26T01:45:17.354,6,left,176.0,176.8421052631579,372.75,175,179,5,67,190,True,False,True,
run_20260926_014514_754610,49,3,2026-09-26T01:45:17.354,5,left,195.5,195.5064935064935,373.0,195,196,2,39,77,False,False,True,
run_20260926_014514_754610,49,3,2026-09-26T01:45:17.354,4,left,214.5,214.5064935064935,373.0,214,215,2,39,77,False,False,True,
run_20260926_014514_754610,49,3,2026-09-26T01:45:17.354,3,left,233.0,233.21875,373.0,232,234,3,39,96,False,False,True,
run_20260926_014514_754610,49,3,2026-09-26T01:45:17.354,2,left,252.0,252.15625,373.0,251,253,3,39,96,False,False,True,
run_20260926_014514_754610,49,3,2026-09-26T01:45:17.354,1,left,271.0,271.0263157894737,373.0,270,272,3,62,152,True,True,True,
run_20260926_014514_754610,49,3,2026-09-26T01:45:17.354,0,left,289.5,289.50632911392404,373.0394736842105,289,290,2,40,79,False,False,True,
run_20260926_014514_754610,49,3,2026-09-26T01:45:17.354,0,right,456.57894736842104,456.4732142857143,373.0394736842105,455,458,4,39,112,False,False,True,
run_20260926_014514_754610,49,3,2026-09-26T01:45:17.354,1,right,475.0,474.8364779874214,373.0,474,476,3,62,159,True,True,True,
run_20260926_014514_754610,49,3,2026-09-26T01:45:17.354,2,right,494.0,493.8235294117647,373.0,493,495,3,40,102,False,False,True,
run_20260926_014514_754610,49,3,2026-09-26T01:45:17.354,3,right,513.0,512.8217821782179,373.0,512,514,3,40,101,False,False,True,
run_20260926_014514_754610,49,3,2026-09-26T01:45:17.354,4,right,531.5,531.4471544715448,373.0,530,533,4,40,123,False,False,True,
run_20260926_014514_754610,49,3,2026-09-26T01:45:17.354,5,right,550.5,550.3739837398374,373.0,549,552,4,39,123,False,False,True,
run_20260926_014514_754610,49,3,2026-09-26T01:45:17.354,6,right,569.5,568.6363636363636,372.75,566,571,6,69,209,True,False,True,
run_20260926_014514_754610,49,3,2026-09-26T01:45:17.354,7,right,588.0,587.8415841584158,372.75,587,589,3,39,101,False,False,True,
run_20260926_014514_754610,49,3,2026-09-26T01:45:17.354,8,right,607.0,606.8105263157895,372.75,606,608,3,39,95,False,False,True,
run_20260926_014514_754610,49,3,2026-09-26T01:45:17.354,9,right,625.5,625.3963963963964,372.5,624,627,4,36,111,False,False,True,
run_20260926_014514_754610,49,3,2026-09-26T01:45:17.354,10,right,644.0,643.88,372.25,643,645,3,40,100,False,False,True,
run_20260926_014514_754610,49,3,2026-09-26T01:45:17.354,11,right,662.5,661.8360655737705,372.0681818181818,660,663,4,46,122,False,False,True,
run_20260926_014514_754610,49,3,2026-09-26T01:45:17.354,12,right,681.0,680.8041237113403,372.25,680,682,3,39,97,False,False,True,
run_20260926_014514_754610,76,4,2026-09-26T01:45:18.414,12,left,63.5,63.5125,372.25,63,64,2,41,80,False,False,True,
run_20260926_014514_754610,76,4,2026-09-26T01:45:18.414,11,left,81.5,82.54330708661418,372.0,81,84,4,44,127,False,False,True,
run_20260926_014514_754610,76,4,2026-09-26T01:45:18.414,10,left,100.5,100.62121212121212,372.25,100,101,2,41,66,False,False,True,
run_20260926_014514_754610,76,4,2026-09-26T01:45:18.414,9,left,119.5,119.54098360655738,372.5,119,120,2,33,61,False,False,True,
run_20260926_014514_754610,76,4,2026-09-26T01:45:18.414,8,left,138.5,138.5,372.75,138,139,2,39,78,False,False,True,
run_20260926_014514_754610,76,4,2026-09-26T01:45:18.414,7,left,157.5,157.5,372.75,157,158,2,39,78,False,False,True,
run_20260926_014514_754610,76,4,2026-09-26T01:45:18.414,6,left,176.25,176.87912087912088,372.875,175,179,5,67,182,True,False,True,
run_20260926_014514_754610,76,4,2026-09-26T01:45:18.414,5,left,195.5,195.5064935064935,373.0,195,196,2,39,77,False,False,True,
run_20260926_014514_754610,76,4,2026-09-26T01:45:18.414,4,left,214.5,214.4794520547945,373.0,214,215,2,38,73,False,False,True,
run_20260926_014514_754610,76,4,2026-09-26T01:45:18.414,3,left,233.0,233.21875,373.0,232,234,3,39,96,False,False,True,
run_20260926_014514_754610,76,4,2026-09-26T01:45:18.414,2,left,252.0,252.15625,373.0,251,253,3,39,96,False,False,True,
run_20260926_014514_754610,76,4,2026-09-26T01:45:18.414,1,left,271.0,271.0331125827815,373.0,270,272,3,62,151,True,True,True,
run_20260926_014514_754610,76,4,2026-09-26T01:45:18.414,0,left,289.5,289.50632911392404,373.0394736842105,289,290,2,40,79,False,False,True,
run_20260926_014514_754610,76,4,2026-09-26T01:45:18.414,0,right,456.57894736842104,456.4732142857143,373.0394736842105,455,458,4,39,112,False,False,True,
run_20260926_014514_754610,76,4,2026-09-26T01:45:18.414,1,right,475.0,474.8364779874214,373.0,474,476,3,62,159,True,True,True,
run_20260926_014514_754610,76,4,2026-09-26T01:45:18.414,2,right,494.0,493.8349514563107,373.0,493,495,3,40,103,False,False,True,
run_20260926_014514_754610,76,4,2026-09-26T01:45:18.414,3,right,513.0,512.8217821782179,373.0,512,514,3,40,101,False,False,True,
run_20260926_014514_754610,76,4,2026-09-26T01:45:18.414,4,right,531.5,531.4596774193549,373.0,530,533,4,40,124,False,False,True,
run_20260926_014514_754610,76,4,2026-09-26T01:45:18.414,5,right,550.5,550.3739837398374,373.0,549,552,4,39,123,False,False,True,
run_20260926_014514_754610,76,4,2026-09-26T01:45:18.414,6,right,569.5,568.6363636363636,372.875,566,571,6,69,209,True,False,True,
run_20260926_014514_754610,76,4,2026-09-26T01:45:18.414,7,right,588.0,587.8415841584158,372.75,587,589,3,39,101,False,False,True,
run_20260926_014514_754610,76,4,2026-09-26T01:45:18.414,8,right,607.0,606.8105263157895,372.75,606,608,3,39,95,False,False,True,
run_20260926_014514_754610,76,4,2026-09-26T01:45:18.414,9,right,625.5,625.3571428571429,372.5,624,627,4,36,112,False,False,True,
run_20260926_014514_754610,76,4,2026-09-26T01:45:18.414,10,right,644.0,643.88,372.25,643,645,3,40,100,False,False,True,
run_20260926_014514_754610,76,4,2026-09-26T01:45:18.414,11,right,662.5,661.8306451612904,372.0,660,663,4,46,124,False,False,True,
run_20260926_014514_754610,76,4,2026-09-26T01:45:18.414,12,right,681.0,680.7916666666666,372.25,680,682,3,39,96,False,False,True,
run_20260926_014514_754610,103,5,2026-09-26T01:45:19.481,12,left,63.5,63.5125,372.25,63,64,2,41,80,False,False,True,
run_20260926_014514_754610,103,5,2026-09-26T01:45:19.481,11,left,81.63636363636364,82.546875,372.0681818181818,81,84,4,44,128,False,False,True,
run_20260926_014514_754610,103,5,2026-09-26T01:45:19.481,10,left,100.5,100.62121212121212,372.25,100,101,2,41,66,False,False,True,
run_20260926_014514_754610,103,5,2026-09-26T01:45:19.481,9,left,119.5,119.54098360655738,372.5,119,120,2,33,61,False,False,True,
run_20260926_014514_754610,103,5,2026-09-26T01:45:19.481,8,left,138.5,138.5,372.75,138,139,2,39,78,False,False,True,
run_20260926_014514_754610,103,5,2026-09-26T01:45:19.481,7,left,157.5,157.5,372.75,157,158,2,39,78,False,False,True,
run_20260926_014514_754610,103,5,2026-09-26T01:45:19.481,6,left,176.07142857142858,176.8404255319149,372.7857142857143,175,179,5,67,188,True,False,True,
run_20260926_014514_754610,103,5,2026-09-26T01:45:19.481,5,left,195.5,195.5064935064935,373.0,195,196,2,39,77,False,False,True,
run_20260926_014514_754610,103,5,2026-09-26T01:45:19.481,4,left,214.5,214.5064935064935,373.0,214,215,2,39,77,False,False,True,
run_20260926_014514_754610,103,5,2026-09-26T01:45:19.481,3,left,233.0,233.23157894736843,373.0,232,234,3,39,95,False,False,True,
run_20260926_014514_754610,103,5,2026-09-26T01:45:19.481,2,left,252.0,252.15625,373.0,251,253,3,39,96,False,False,True,
run_20260926_014514_754610,103,5,2026-09-26T01:45:19.481,1,left,271.0,271.0331125827815,373.0,270,272,3,62,151,True,True,True,
run_20260926_014514_754610,103,5,2026-09-26T01:45:19.481,0,left,289.5,289.50632911392404,373.08333333333337,289,290,2,40,79,False,False,True,
run_20260926_014514_754610,103,5,2026-09-26T01:45:19.481,0,right,456.6666666666667,456.4864864864865,373.08333333333337,455,458,4,39,111,False,False,True,
run_20260926_014514_754610,103,5,2026-09-26T01:45:19.481,1,right,475.0,474.8364779874214,373.0,474,476,3,62,159,True,True,True,
run_20260926_014514_754610,103,5,2026-09-26T01:45:19.481,2,right,494.0,493.84615384615387,373.0,493,495,3,40,104,False,False,True,
run_20260926_014514_754610,103,5,2026-09-26T01:45:19.481,3,right,513.0,512.8217821782179,373.0,512,514,3,40,101,False,False,True,
run_20260926_014514_754610,103,5,2026-09-26T01:45:19.481,4,right,531.5,531.4715447154472,373.0,530,533,4,40,123,False,False,True,
run_20260926_014514_754610,103,5,2026-09-26T01:45:19.481,5,right,550.5,550.3629032258065,373.0,549,552,4,39,124,False,False,True,
run_20260926_014514_754610,103,5,2026-09-26T01:45:19.481,6,right,569.5,568.6363636363636,372.7857142857143,566,571,6,69,209,True,False,True,
run_20260926_014514_754610,103,5,2026-09-26T01:45:19.481,7,right,588.0,587.8415841584158,372.75,587,589,3,39,101,False,False,True,
run_20260926_014514_754610,103,5,2026-09-26T01:45:19.481,8,right,607.0,606.8105263157895,372.75,606,608,3,39,95,False,False,True,
run_20260926_014514_754610,103,5,2026-09-26T01:45:19.481,9,right,625.5,625.3571428571429,372.5,624,627,4,36,112,False,False,True,
run_20260926_014514_754610,103,5,2026-09-26T01:45:19.481,10,right,644.0,643.8787878787879,372.25,643,645,3,39,99,False,False,True,
run_20260926_014514_754610,103,5,2026-09-26T01:45:19.481,11,right,662.5,661.8211382113822,372.0681818181818,660,663,4,46,123,False,False,True,
run_20260926_014514_754610,103,5,2026-09-26T01:45:19.481,12,right,681.0,680.8041237113403,372.25,680,682,3,39,97,False,False,True,
run_20260926_014514_754610,133,6,2026-09-26T01:45:20.502,12,left,63.5,63.5125,372.25,63,64,2,41,80,False,False,True,
run_20260926_014514_754610,133,6,2026-09-26T01:45:20.502,11,left,81.5,82.55555555555556,372.0,81,84,4,44,126,False,False,True,
run_20260926_014514_754610,133,6,2026-09-26T01:45:20.502,10,left,100.5,100.63076923076923,372.25,100,101,2,41,65,False,False,True,
run_20260926_014514_754610,133,6,2026-09-26T01:45:20.502,9,left,119.5,119.5909090909091,372.5,119,120,2,39,66,False,False,True,
run_20260926_014514_754610,133,6,2026-09-26T01:45:20.502,8,left,138.5,138.5,372.75,138,139,2,39,78,False,False,True,
run_20260926_014514_754610,133,6,2026-09-26T01:45:20.502,7,left,157.5,157.5,372.75,157,158,2,39,78,False,False,True,
run_20260926_014514_754610,133,6,2026-09-26T01:45:20.502,6,left,176.0,176.8404255319149,372.75,175,179,5,67,188,True,False,True,
run_20260926_014514_754610,133,6,2026-09-26T01:45:20.502,5,left,195.5,195.5064935064935,373.0,195,196,2,39,77,False,False,True,
run_20260926_014514_754610,133,6,2026-09-26T01:45:20.502,4,left,214.5,214.4794520547945,373.0,214,215,2,38,73,False,False,True,
run_20260926_014514_754610,133,6,2026-09-26T01:45:20.502,3,left,233.0,233.23157894736843,373.0,232,234,3,39,95,False,False,True,
run_20260926_014514_754610,133,6,2026-09-26T01:45:20.502,2,left,252.0,252.15625,373.0,251,253,3,39,96,False,False,True,
run_20260926_014514_754610,133,6,2026-09-26T01:45:20.502,1,left,271.0,271.0263157894737,373.0,270,272,3,62,152,True,True,True,
run_20260926_014514_754610,133,6,2026-09-26T01:45:20.502,0,left,289.5,289.50632911392404,373.08333333333337,289,290,2,40,79,False,False,True,
run_20260926_014514_754610,133,6,2026-09-26T01:45:20.502,0,right,456.6666666666667,456.4864864864865,373.08333333333337,455,458,4,39,111,False,False,True,
run_20260926_014514_754610,133,6,2026-09-26T01:45:20.502,1,right,475.0,474.8364779874214,373.0,474,476,3,62,159,True,True,True,
run_20260926_014514_754610,133,6,2026-09-26T01:45:20.502,2,right,494.0,493.8349514563107,373.0,493,495,3,40,103,False,False,True,
run_20260926_014514_754610,133,6,2026-09-26T01:45:20.502,3,right,513.0,512.8217821782179,373.0,512,514,3,40,101,False,False,True,
run_20260926_014514_754610,133,6,2026-09-26T01:45:20.502,4,right,531.5,531.4596774193549,373.0,530,533,4,40,124,False,False,True,
run_20260926_014514_754610,133,6,2026-09-26T01:45:20.502,5,right,550.5,550.3739837398374,373.0,549,552,4,39,123,False,False,True,
run_20260926_014514_754610,133,6,2026-09-26T01:45:20.502,6,right,569.5,568.6285714285714,372.75,566,571,6,69,210,True,False,True,
run_20260926_014514_754610,133,6,2026-09-26T01:45:20.502,7,right,588.0,587.8415841584158,372.75,587,589,3,39,101,False,False,True,
run_20260926_014514_754610,133,6,2026-09-26T01:45:20.502,8,right,607.0,606.8105263157895,372.75,606,608,3,39,95,False,False,True,
run_20260926_014514_754610,133,6,2026-09-26T01:45:20.502,9,right,625.5,625.3981481481482,372.5,624,627,4,35,108,False,False,True,
run_20260926_014514_754610,133,6,2026-09-26T01:45:20.502,10,right,644.0,643.88,372.25,643,645,3,40,100,False,False,True,
run_20260926_014514_754610,133,6,2026-09-26T01:45:20.502,11,right,662.5,661.8211382113822,372.0,660,663,4,46,123,False,False,True,
run_20260926_014514_754610,133,6,2026-09-26T01:45:20.502,12,right,681.0,680.8041237113403,372.25,680,682,3,39,97,False,False,True,
run_20260926_014514_754610,164,7,2026-09-26T01:45:21.536,12,left,63.5,63.5125,372.25,63,64,2,41,80,False,False,True,
run_20260926_014514_754610,164,7,2026-09-26T01:45:21.536,11,left,81.63636363636364,82.55905511811024,372.0681818181818,81,84,4,44,127,False,False,True,
run_20260926_014514_754610,164,7,2026-09-26T01:45:21.536,10,left,100.5,100.63076923076923,372.25,100,101,2,41,65,False,False,True,
run_20260926_014514_754610,164,7,2026-09-26T01:45:21.536,9,left,119.5,119.58208955223881,372.5,119,120,2,39,67,False,False,True,
run_20260926_014514_754610,164,7,2026-09-26T01:45:21.536,8,left,138.5,138.5,372.75,138,139,2,39,78,False,False,True,
run_20260926_014514_754610,164,7,2026-09-26T01:45:21.536,7,left,157.5,157.5,372.75,157,158,2,39,78,False,False,True,
run_20260926_014514_754610,164,7,2026-09-26T01:45:21.536,6,left,176.0,176.8404255319149,372.75,175,179,5,67,188,True,False,True,
run_20260926_014514_754610,164,7,2026-09-26T01:45:21.536,5,left,195.5,195.5064935064935,373.0,195,196,2,39,77,False,False,True,
run_20260926_014514_754610,164,7,2026-09-26T01:45:21.536,4,left,214.5,214.5064935064935,373.0,214,215,2,39,77,False,False,True,
run_20260926_014514_754610,164,7,2026-09-26T01:45:21.536,3,left,233.0,233.23157894736843,373.0,232,234,3,39,95,False,False,True,
run_20260926_014514_754610,164,7,2026-09-26T01:45:21.536,2,left,252.0,252.15625,373.0,251,253,3,39,96,False,False,True,
run_20260926_014514_754610,164,7,2026-09-26T01:45:21.536,1,left,271.0,271.0331125827815,373.0,270,272,3,62,151,True,True,True,
run_20260926_014514_754610,164,7,2026-09-26T01:45:21.536,0,left,289.5,289.50632911392404,373.08333333333337,289,290,2,40,79,False,False,True,
run_20260926_014514_754610,164,7,2026-09-26T01:45:21.536,0,right,456.6666666666667,456.4864864864865,373.08333333333337,455,458,4,39,111,False,False,True,
run_20260926_014514_754610,164,7,2026-09-26T01:45:21.536,1,right,475.0,474.8364779874214,373.0,474,476,3,62,159,True,True,True,
run_20260926_014514_754610,164,7,2026-09-26T01:45:21.536,2,right,494.0,493.84615384615387,373.0,493,495,3,40,104,False,False,True,
run_20260926_014514_754610,164,7,2026-09-26T01:45:21.536,3,right,513.0,512.8217821782179,373.0,512,514,3,40,101,False,False,True,
run_20260926_014514_754610,164,7,2026-09-26T01:45:21.536,4,right,531.5,531.4596774193549,373.0,530,533,4,40,124,False,False,True,
run_20260926_014514_754610,164,7,2026-09-26T01:45:21.536,5,right,550.5,550.376,373.0,549,552,4,39,125,False,False,True,
run_20260926_014514_754610,164,7,2026-09-26T01:45:21.536,6,right,569.5,568.6363636363636,372.75,566,571,6,69,209,True,False,True,
run_20260926_014514_754610,164,7,2026-09-26T01:45:21.536,7,right,588.0,587.8415841584158,372.75,587,589,3,39,101,False,False,True,
run_20260926_014514_754610,164,7,2026-09-26T01:45:21.536,8,right,607.0,606.8229166666666,372.75,606,608,3,39,96,False,False,True,
run_20260926_014514_754610,164,7,2026-09-26T01:45:21.536,9,right,625.5,625.3963963963964,372.5,624,627,4,36,111,False,False,True,
run_20260926_014514_754610,164,7,2026-09-26T01:45:21.536,10,right,644.0,643.88,372.25,643,645,3,40,100,False,False,True,
run_20260926_014514_754610,164,7,2026-09-26T01:45:21.536,11,right,662.5,661.8360655737705,372.0681818181818,660,663,4,46,122,False,False,True,
run_20260926_014514_754610,164,7,2026-09-26T01:45:21.536,12,right,681.0,680.8041237113403,372.25,680,682,3,39,97,False,False,True,
run_20260926_014514_754610,194,8,2026-09-26T01:45:22.547,12,left,63.5,63.5125,372.25,63,64,2,41,80,False,False,True,
run_20260926_014514_754610,194,8,2026-09-26T01:45:22.547,11,left,81.5,82.55555555555556,372.0,81,84,4,44,126,False,False,True,
run_20260926_014514_754610,194,8,2026-09-26T01:45:22.547,10,left,100.5,100.63076923076923,372.25,100,101,2,41,65,False,False,True,
run_20260926_014514_754610,194,8,2026-09-26T01:45:22.547,9,left,119.5,119.58208955223881,372.5,119,120,2,39,67,False,False,True,
run_20260926_014514_754610,194,8,2026-09-26T01:45:22.547,8,left,138.5,138.5,372.75,138,139,2,39,78,False,False,True,
run_20260926_014514_754610,194,8,2026-09-26T01:45:22.547,7,left,157.5,157.5,372.75,157,158,2,39,78,False,False,True,
run_20260926_014514_754610,194,8,2026-09-26T01:45:22.547,6,left,176.07142857142858,176.8763440860215,372.7857142857143,175,179,5,67,186,True,False,True,
run_20260926_014514_754610,194,8,2026-09-26T01:45:22.547,5,left,195.5,195.5064935064935,373.0,195,196,2,39,77,False,False,True,
run_20260926_014514_754610,194,8,2026-09-26T01:45:22.547,4,left,214.5,214.5064935064935,373.0,214,215,2,39,77,False,False,True,
run_20260926_014514_754610,194,8,2026-09-26T01:45:22.547,3,left,233.0,233.21875,373.0,232,234,3,39,96,False,False,True,
run_20260926_014514_754610,194,8,2026-09-26T01:45:22.547,2,left,252.0,252.15625,373.0,251,253,3,39,96,False,False,True,
run_20260926_014514_754610,194,8,2026-09-26T01:45:22.547,1,left,271.0,271.0263157894737,373.0,270,272,3,62,152,True,True,True,
run_20260926_014514_754610,194,8,2026-09-26T01:45:22.547,0,left,289.5,289.50632911392404,373.0394736842105,289,290,2,40,79,False,False,True,
run_20260926_014514_754610,194,8,2026-09-26T01:45:22.547,0,right,456.57894736842104,456.4867256637168,373.0394736842105,455,458,4,39,113,False,False,True,
run_20260926_014514_754610,194,8,2026-09-26T01:45:22.547,1,right,475.0,474.8364779874214,373.0,474,476,3,62,159,True,True,True,
run_20260926_014514_754610,194,8,2026-09-26T01:45:22.547,2,right,494.0,493.84615384615387,373.0,493,495,3,40,104,False,False,True,
run_20260926_014514_754610,194,8,2026-09-26T01:45:22.547,3,right,513.0,512.8217821782179,373.0,512,514,3,40,101,False,False,True,
run_20260926_014514_754610,194,8,2026-09-26T01:45:22.547,4,right,531.5,531.4596774193549,373.0,530,533,4,40,124,False,False,True,
run_20260926_014514_754610,194,8,2026-09-26T01:45:22.547,5,right,550.5,550.3629032258065,373.0,549,552,4,39,124,False,False,True,
run_20260926_014514_754610,194,8,2026-09-26T01:45:22.547,6,right,569.5,568.6363636363636,372.7857142857143,566,571,6,69,209,True,False,True,
run_20260926_014514_754610,194,8,2026-09-26T01:45:22.547,7,right,588.0,587.8415841584158,372.75,587,589,3,39,101,False,False,True,
run_20260926_014514_754610,194,8,2026-09-26T01:45:22.547,8,right,607.0,606.8105263157895,372.75,606,608,3,39,95,False,False,True,
run_20260926_014514_754610,194,8,2026-09-26T01:45:22.547,9,right,625.5,625.3963963963964,372.5,624,627,4,36,111,False,False,True,
run_20260926_014514_754610,194,8,2026-09-26T01:45:22.547,10,right,644.0,643.88,372.25,643,645,3,40,100,False,False,True,
run_20260926_014514_754610,194,8,2026-09-26T01:45:22.547,11,right,662.5,661.8455284552846,372.0,660,663,4,46,123,False,False,True,
run_20260926_014514_754610,194,8,2026-09-26T01:45:22.547,12,right,681.0,680.8041237113403,372.25,680,682,3,39,97,False,False,True,
run_20260926_014514_754610,225,9,2026-09-26T01:45:23.568,12,left,63.5,63.5125,372.25,63,64,2,41,80,False,False,True,
run_20260926_014514_754610,225,9,2026-09-26T01:45:23.568,11,left,81.63636363636364,82.75714285714285,372.0681818181818,81,85,5,44,140,False,False,True,
run_20260926_014514_754610,225,9,2026-09-26T01:45:23.568,10,left,100.5,100.62121212121212,372.25,100,101,2,41,66,False,False,True,
run_20260926_014514_754610,225,9,2026-09-26T01:45:23.568,9,left,119.5,119.5909090909091,372.5,119,120,2,39,66,False,False,True,
run_20260926_014514_754610,225,9,2026-09-26T01:45:23.568,8,left,138.5,138.5,372.75,138,139,2,39,78,False,False,True,
run_20260926_014514_754610,225,9,2026-09-26T01:45:23.568,7,left,157.5,157.5,372.75,157,158,2,39,78,False,False,True,
run_20260926_014514_754610,225,9,2026-09-26T01:45:23.568,6,left,176.0,176.83684210526314,372.75,175,179,5,67,190,True,False,True,
run_20260926_014514_754610,225,9,2026-09-26T01:45:23.568,5,left,195.5,195.5064935064935,373.0,195,196,2,39,77,False,False,True,
run_20260926_014514_754610,225,9,2026-09-26T01:45:23.568,4,left,214.5,214.5064935064935,373.0,214,215,2,39,77,False,False,True,
run_20260926_014514_754610,225,9,2026-09-26T01:45:23.568,3,left,233.0,233.21875,373.0,232,234,3,39,96,False,False,True,
run_20260926_014514_754610,225,9,2026-09-26T01:45:23.568,2,left,252.0,252.15625,373.0,251,253,3,39,96,False,False,True,
run_20260926_014514_754610,225,9,2026-09-26T01:45:23.568,1,left,271.0,271.0331125827815,373.0,270,272,3,62,151,True,True,True,
run_20260926_014514_754610,225,9,2026-09-26T01:45:23.568,0,left,289.5,289.50632911392404,373.0394736842105,289,290,2,40,79,False,False,True,
run_20260926_014514_754610,225,9,2026-09-26T01:45:23.568,0,right,456.57894736842104,456.4732142857143,373.0394736842105,455,458,4,39,112,False,False,True,
run_20260926_014514_754610,225,9,2026-09-26T01:45:23.568,1,right,475.0,474.85806451612905,373.0,474,476,3,61,155,True,True,True,
run_20260926_014514_754610,225,9,2026-09-26T01:45:23.568,2,right,494.0,493.8349514563107,373.0,493,495,3,40,103,False,False,True,
run_20260926_014514_754610,225,9,2026-09-26T01:45:23.568,3,right,513.0,512.8217821782179,373.0,512,514,3,40,101,False,False,True,
run_20260926_014514_754610,225,9,2026-09-26T01:45:23.568,4,right,531.5,531.4715447154472,373.0,530,533,4,40,123,False,False,True,
run_20260926_014514_754610,225,9,2026-09-26T01:45:23.568,5,right,550.5,550.3739837398374,373.0,549,552,4,39,123,False,False,True,
run_20260926_014514_754610,225,9,2026-09-26T01:45:23.568,6,right,569.5,568.625,372.75,566,571,6,69,208,True,False,True,
run_20260926_014514_754610,225,9,2026-09-26T01:45:23.568,7,right,588.0,587.8415841584158,372.75,587,589,3,39,101,False,False,True,
run_20260926_014514_754610,225,9,2026-09-26T01:45:23.568,8,right,607.0,606.8105263157895,372.75,606,608,3,39,95,False,False,True,
run_20260926_014514_754610,225,9,2026-09-26T01:45:23.568,9,right,625.5,625.3818181818182,372.5,624,627,4,36,110,False,False,True,
run_20260926_014514_754610,225,9,2026-09-26T01:45:23.568,10,right,644.0,643.88,372.25,643,645,3,40,100,False,False,True,
run_20260926_014514_754610,225,9,2026-09-26T01:45:23.568,11,right,662.5,661.8455284552846,372.0681818181818,660,663,4,46,123,False,False,True,
run_20260926_014514_754610,225,9,2026-09-26T01:45:23.568,12,right,681.0,680.8163265306123,372.25,680,682,3,39,98,False,False,True,
run_20260926_014514_754610,256,10,2026-09-26T01:45:24.601,12,left,63.5,63.5125,372.25,63,64,2,41,80,False,False,True,
run_20260926_014514_754610,256,10,2026-09-26T01:45:24.601,11,left,81.63636363636364,82.77536231884058,372.0681818181818,81,85,5,43,138,False,False,True,
run_20260926_014514_754610,256,10,2026-09-26T01:45:24.601,10,left,100.5,100.62121212121212,372.25,100,101,2,41,66,False,False,True,
run_20260926_014514_754610,256,10,2026-09-26T01:45:24.601,9,left,119.5,119.5909090909091,372.5,119,120,2,39,66,False,False,True,
run_20260926_014514_754610,256,10,2026-09-26T01:45:24.601,8,left,138.5,138.5,372.75,138,139,2,39,78,False,False,True,
run_20260926_014514_754610,256,10,2026-09-26T01:45:24.601,7,left,157.5,157.5,372.75,157,158,2,39,78,False,False,True,
run_20260926_014514_754610,256,10,2026-09-26T01:45:24.601,6,left,176.0,176.84656084656083,372.75,175,179,5,67,189,True,False,True,
run_20260926_014514_754610,256,10,2026-09-26T01:45:24.601,5,left,195.5,195.5064935064935,373.0,195,196,2,39,77,False,False,True,
run_20260926_014514_754610,256,10,2026-09-26T01:45:24.601,4,left,214.5,214.5064935064935,373.0,214,215,2,39,77,False,False,True,
run_20260926_014514_754610,256,10,2026-09-26T01:45:24.601,3,left,233.0,233.23157894736843,373.0,232,234,3,39,95,False,False,True,
run_20260926_014514_754610,256,10,2026-09-26T01:45:24.601,2,left,252.0,252.16161616161617,373.0,251,253,3,39,99,False,False,True,
run_20260926_014514_754610,256,10,2026-09-26T01:45:24.601,1,left,271.0,271.0394736842105,373.0,270,272,3,62,152,True,True,True,
run_20260926_014514_754610,256,10,2026-09-26T01:45:24.601,0,left,289.5,289.50632911392404,373.0,289,290,2,40,79,False,False,True,
run_20260926_014514_754610,256,10,2026-09-26T01:45:24.601,0,right,456.5,456.44736842105266,373.0,455,458,4,39,114,False,False,True,
run_20260926_014514_754610,256,10,2026-09-26T01:45:24.601,1,right,475.0,474.8364779874214,373.0,474,476,3,62,159,True,True,True,
run_20260926_014514_754610,256,10,2026-09-26T01:45:24.601,2,right,494.0,493.84615384615387,373.0,493,495,3,40,104,False,False,True,
run_20260926_014514_754610,256,10,2026-09-26T01:45:24.601,3,right,513.0,512.8217821782179,373.0,512,514,3,40,101,False,False,True,
run_20260926_014514_754610,256,10,2026-09-26T01:45:24.601,4,right,531.5,531.4958677685951,373.0,530,533,4,40,121,False,False,True,
run_20260926_014514_754610,256,10,2026-09-26T01:45:24.601,5,right,550.5,550.3629032258065,373.0,549,552,4,39,124,False,False,True,
run_20260926_014514_754610,256,10,2026-09-26T01:45:24.601,6,right,569.5,568.6267942583733,372.75,566,571,6,69,209,True,False,True,
run_20260926_014514_754610,256,10,2026-09-26T01:45:24.601,7,right,588.0,587.8415841584158,372.75,587,589,3,39,101,False,False,True,
run_20260926_014514_754610,256,10,2026-09-26T01:45:24.601,8,right,607.0,606.8105263157895,372.75,606,608,3,39,95,False,False,True,
run_20260926_014514_754610,256,10,2026-09-26T01:45:24.601,9,right,625.5,625.3571428571429,372.5,624,627,4,36,112,False,False,True,
run_20260926_014514_754610,256,10,2026-09-26T01:45:24.601,10,right,644.0,643.88,372.25,643,645,3,40,100,False,False,True,
run_20260926_014514_754610,256,10,2026-09-26T01:45:24.601,11,right,662.5,661.811475409836,372.0681818181818,660,663,4,46,122,False,False,True,
run_20260926_014514_754610,256,10,2026-09-26T01:45:24.601,12,right,681.0,680.8041237113403,372.25,680,682,3,39,97,False,False,True,
run_20260926_014514_754610,285,11,2026-09-26T01:45:25.605,12,left,63.5,63.5125,372.25,63,64,2,41,80,False,False,True,
run_20260926_014514_754610,285,11,2026-09-26T01:45:25.605,11,left,81.5,82.76811594202898,372.0,81,85,5,44,138,False,False,True,
run_20260926_014514_754610,285,11,2026-09-26T01:45:25.605,10,left,100.5,100.62121212121212,372.25,100,101,2,41,66,False,False,True,
run_20260926_014514_754610,285,11,2026-09-26T01:45:25.605,9,left,119.5,119.58208955223881,372.5,119,120,2,39,67,False,False,True,
run_20260926_014514_754610,285,11,2026-09-26T01:45:25.605,8,left,138.5,138.5,372.75,138,139,2,39,78,False,False,True,
run_20260926_014514_754610,285,11,2026-09-26T01:45:25.605,7,left,157.5,157.5,372.75,157,158,2,39,78,False,False,True,
run_20260926_014514_754610,285,11,2026-09-26T01:45:25.605,6,left,176.0,176.82901554404145,372.75,175,179,5,67,193,True,False,True,
run_20260926_014514_754610,285,11,2026-09-26T01:45:25.605,5,left,195.5,195.5064935064935,373.0,195,196,2,39,77,False,False,True,
run_20260926_014514_754610,285,11,2026-09-26T01:45:25.605,4,left,214.5,214.4794520547945,373.0,214,215,2,38,73,False,False,True,
run_20260926_014514_754610,285,11,2026-09-26T01:45:25.605,3,left,233.0,233.20618556701032,373.0,232,234,3,39,97,False,False,True,
run_20260926_014514_754610,285,11,2026-09-26T01:45:25.605,2,left,252.0,252.16161616161617,373.0,251,253,3,39,99,False,False,True,
run_20260926_014514_754610,285,11,2026-09-26T01:45:25.605,1,left,271.0,271.0394736842105,373.0,270,272,3,62,152,True,True,True,
run_20260926_014514_754610,285,11,2026-09-26T01:45:25.605,0,left,289.5,289.50632911392404,373.0,289,290,2,40,79,False,False,True,
run_20260926_014514_754610,285,11,2026-09-26T01:45:25.605,0,right,456.5,456.44736842105266,373.0,455,458,4,39,114,False,False,True,
run_20260926_014514_754610,285,11,2026-09-26T01:45:25.605,1,right,475.0,474.84375,373.0,474,476,3,62,160,True,True,True,
run_20260926_014514_754610,285,11,2026-09-26T01:45:25.605,2,right,494.0,493.8235294117647,373.0,493,495,3,40,102,False,False,True,
run_20260926_014514_754610,285,11,2026-09-26T01:45:25.605,3,right,513.0,512.8217821782179,373.0,512,514,3,40,101,False,False,True,
run_20260926_014514_754610,285,11,2026-09-26T01:45:25.605,4,right,531.5,531.4471544715448,373.0,530,533,4,40,123,False,False,True,
run_20260926_014514_754610,285,11,2026-09-26T01:45:25.605,5,right,550.5,550.3629032258065,373.0,549,552,4,39,124,False,False,True,
run_20260926_014514_754610,285,11,2026-09-26T01:45:25.605,6,right,569.5,568.6172248803828,372.75,566,571,6,69,209,True,False,True,
run_20260926_014514_754610,285,11,2026-09-26T01:45:25.605,7,right,588.0,587.8415841584158,372.75,587,589,3,39,101,False,False,True,
run_20260926_014514_754610,285,11,2026-09-26T01:45:25.605,8,right,607.0,606.8105263157895,372.75,606,608,3,39,95,False,False,True,
run_20260926_014514_754610,285,11,2026-09-26T01:45:25.605,9,right,625.5,625.3571428571429,372.5,624,627,4,36,112,False,False,True,
run_20260926_014514_754610,285,11,2026-09-26T01:45:25.605,10,right,644.0,643.88,372.25,643,645,3,40,100,False,False,True,
run_20260926_014514_754610,285,11,2026-09-26T01:45:25.605,11,right,662.5,661.8373983739838,372.0,660,663,4,46,123,False,False,True,
run_20260926_014514_754610,285,11,2026-09-26T01:45:25.605,12,right,681.0,680.8041237113403,372.25,680,682,3,39,97,False,False,True,
run_20260926_014514_754610,316,12,2026-09-26T01:45:26.622,12,left,63.5,63.5125,372.25,63,64,2,41,80,False,False,True,
run_20260926_014514_754610,316,12,2026-09-26T01:45:26.622,11,left,81.5,82.55555555555556,372.0,81,84,4,44,126,False,False,True,
run_20260926_014514_754610,316,12,2026-09-26T01:45:26.622,10,left,100.5,100.62121212121212,372.25,100,101,2,41,66,False,False,True,
run_20260926_014514_754610,316,12,2026-09-26T01:45:26.622,9,left,119.5,119.57971014492753,372.5,119,120,2,40,69,False,False,True,
run_20260926_014514_754610,316,12,2026-09-26T01:45:26.622,8,left,138.5,138.5,372.75,138,139,2,39,78,False,False,True,
run_20260926_014514_754610,316,12,2026-09-26T01:45:26.622,7,left,157.07142857142858,157.3,372.5357142857143,156,158,3,39,90,False,False,True,
run_20260926_014514_754610,316,12,2026-09-26T01:45:26.622,6,left,176.0,176.83510638297872,372.75,175,179,5,67,188,True,False,True,
run_20260926_014514_754610,316,12,2026-09-26T01:45:26.622,5,left,195.5,195.5064935064935,373.0,195,196,2,39,77,False,False,True,
run_20260926_014514_754610,316,12,2026-09-26T01:45:26.622,4,left,214.5,214.5064935064935,373.0,214,215,2,39,77,False,False,True,
run_20260926_014514_754610,316,12,2026-09-26T01:45:26.622,3,left,233.0,233.23157894736843,373.0,232,234,3,39,95,False,False,True,
run_20260926_014514_754610,316,12,2026-09-26T01:45:26.622,2,left,252.0,252.16161616161617,373.0,251,253,3,39,99,False,False,True,
run_20260926_014514_754610,316,12,2026-09-26T01:45:26.622,1,left,271.0,271.0128205128205,373.0,270,272,3,62,156,True,True,True,
run_20260926_014514_754610,316,12,2026-09-26T01:45:26.622,0,left,289.5,289.50632911392404,372.9605263157895,289,290,2,40,79,False,False,True,
run_20260926_014514_754610,316,12,2026-09-26T01:45:26.622,0,right,456.42105263157896,456.43362831858406,372.9605263157895,455,458,4,39,113,False,False,True,
run_20260926_014514_754610,316,12,2026-09-26T01:45:26.622,1,right,475.0,474.8364779874214,373.0,474,476,3,62,159,True,True,True,
run_20260926_014514_754610,316,12,2026-09-26T01:45:26.622,2,right,494.0,493.8235294117647,373.0,493,495,3,40,102,False,False,True,
run_20260926_014514_754610,316,12,2026-09-26T01:45:26.622,3,right,513.0,512.8217821782179,373.0,512,514,3,40,101,False,False,True,
run_20260926_014514_754610,316,12,2026-09-26T01:45:26.622,4,right,531.5,531.4590163934427,373.0,530,533,4,40,122,False,False,True,
run_20260926_014514_754610,316,12,2026-09-26T01:45:26.622,5,right,550.5,550.3629032258065,373.0,549,552,4,39,124,False,False,True,
run_20260926_014514_754610,316,12,2026-09-26T01:45:26.622,6,right,569.5,568.6267942583733,372.75,566,571,6,69,209,True,False,True,
run_20260926_014514_754610,316,12,2026-09-26T01:45:26.622,7,right,588.0,587.8415841584158,372.5357142857143,587,589,3,39,101,False,False,True,
run_20260926_014514_754610,316,12,2026-09-26T01:45:26.622,8,right,607.0,606.8105263157895,372.75,606,608,3,39,95,False,False,True,
run_20260926_014514_754610,316,12,2026-09-26T01:45:26.622,9,right,625.5,625.3818181818182,372.5,624,627,4,36,110,False,False,True,
run_20260926_014514_754610,316,12,2026-09-26T01:45:26.622,10,right,644.0,643.88,372.25,643,645,3,40,100,False,False,True,
run_20260926_014514_754610,316,12,2026-09-26T01:45:26.622,11,right,662.5,661.8360655737705,372.0,660,663,4,46,122,False,False,True,
run_20260926_014514_754610,316,12,2026-09-26T01:45:26.622,12,right,681.0,680.7916666666666,372.25,680,682,3,39,96,False,False,True,
